<?xml version="1.0" encoding="UTF-8"?>
<metadata xml:lang="es"><Esri><CreaDate>20200908</CreaDate><CreaTime>20473200</CreaTime><ArcGISFormat>1.0</ArcGISFormat><SyncOnce>FALSE</SyncOnce><DataProperties><lineage><Process ToolSource="c:\program files (x86)\arcgis\desktop10.8\ArcToolbox\Toolboxes\Data Management Tools.tbx\DefineProjection" Date="20200804" Time="194448">DefineProjection Confirmados_agosto2 GEOGCS['GCS_WGS_1984',DATUM['D_WGS_1984',SPHEROID['WGS_1984',6378137.0,298.257223563]],PRIMEM['Greenwich',0.0],UNIT['Degree',0.0174532925199433]]</Process><Process ToolSource="c:\program files (x86)\arcgis\desktop10.8\ArcToolbox\Toolboxes\Data Management Tools.tbx\Merge" Date="20200818" Time="132930">Merge Confirmados_agosto_17;CONFIRMADOS_COVID_AGOSTO_18 \\Mac\Home\Documents\ArcGIS\Default.gdb\CONFIRMADOS_COVID_AGOSTO_18_ "ID "ID" true true false 10 Long 0 10 ,First,#,CONFIRMADOS_COVID_AGOSTO_18,ID,-1,-1,Confirmados_agosto_17,ID,-1,-1;nombre "nombre" true true false 50 Text 0 0 ,First,#,CONFIRMADOS_COVID_AGOSTO_18,nombre,-1,-1,Confirmados_agosto_17,nombre,-1,-1;ESTADO "ESTADO" true true false 50 Text 0 0 ,First,#,CONFIRMADOS_COVID_AGOSTO_18,ESTADO,-1,-1,Confirmados_agosto_17,ESTADO,-1,-1;ini_sin "ini_sin" true true false 8 Date 0 0 ,First,#,CONFIRMADOS_COVID_AGOSTO_18,ini_sin,-1,-1,Confirmados_agosto_17,ini_sin,-1,-1;num_ide "num_ide" true true false 10 Text 0 0 ,First,#,CONFIRMADOS_COVID_AGOSTO_18,num_ide,-1,-1,Confirmados_agosto_17,num_ide,-1,-1;Caso "Caso" true true false 10 Long 0 10 ,First,#,CONFIRMADOS_COVID_AGOSTO_18,Caso,-1,-1,Confirmados_agosto_17,Caso,-1,-1;Institucio "Institucio" true true false 10 Long 0 10 ,First,#,CONFIRMADOS_COVID_AGOSTO_18,Institucio,-1,-1,Confirmados_agosto_17,Institucio,-1,-1;Fecha_repo "Fecha_repo" true true false 50 Text 0 0 ,First,#,CONFIRMADOS_COVID_AGOSTO_18,Fecha_repo,-1,-1,Confirmados_agosto_17,Fecha_repo,-1,-1"</Process></lineage><itemProps><itemName Sync="TRUE">CONFIRMADOS_COVID_AGOSTO_18_</itemName><imsContentType Sync="TRUE">002</imsContentType><itemLocation><linkage Sync="TRUE">file://\\Mac\Home\Documents\ArcGIS\Default.gdb</linkage><protocol Sync="TRUE">Local Area Network</protocol></itemLocation></itemProps><coordRef><type Sync="TRUE">Geographic</type><geogcsn Sync="TRUE">GCS_WGS_1984</geogcsn><csUnits Sync="TRUE">Angular Unit: Degree (0.017453)</csUnits><peXml Sync="TRUE">&lt;GeographicCoordinateSystem xsi:type='typens:GeographicCoordinateSystem' xmlns:xsi='http://www.w3.org/2001/XMLSchema-instance' xmlns:xs='http://www.w3.org/2001/XMLSchema' xmlns:typens='http://www.esri.com/schemas/ArcGIS/10.7'&gt;&lt;WKT&gt;GEOGCS[&amp;quot;GCS_WGS_1984&amp;quot;,DATUM[&amp;quot;D_WGS_1984&amp;quot;,SPHEROID[&amp;quot;WGS_1984&amp;quot;,6378137.0,298.257223563]],PRIMEM[&amp;quot;Greenwich&amp;quot;,0.0],UNIT[&amp;quot;Degree&amp;quot;,0.0174532925199433],AUTHORITY[&amp;quot;EPSG&amp;quot;,4326]]&lt;/WKT&gt;&lt;XOrigin&gt;-400&lt;/XOrigin&gt;&lt;YOrigin&gt;-400&lt;/YOrigin&gt;&lt;XYScale&gt;1111948722.2222221&lt;/XYScale&gt;&lt;ZOrigin&gt;-100000&lt;/ZOrigin&gt;&lt;ZScale&gt;10000&lt;/ZScale&gt;&lt;MOrigin&gt;-100000&lt;/MOrigin&gt;&lt;MScale&gt;10000&lt;/MScale&gt;&lt;XYTolerance&gt;8.983152841195215e-09&lt;/XYTolerance&gt;&lt;ZTolerance&gt;0.001&lt;/ZTolerance&gt;&lt;MTolerance&gt;0.001&lt;/MTolerance&gt;&lt;HighPrecision&gt;true&lt;/HighPrecision&gt;&lt;LeftLongitude&gt;-180&lt;/LeftLongitude&gt;&lt;WKID&gt;4326&lt;/WKID&gt;&lt;LatestWKID&gt;4326&lt;/LatestWKID&gt;&lt;/GeographicCoordinateSystem&gt;</peXml></coordRef></DataProperties><SyncDate>20200818</SyncDate><SyncTime>13292800</SyncTime><ModDate>20200818</ModDate><ModTime>13292800</ModTime></Esri><dataIdInfo><envirDesc Sync="TRUE">Microsoft Windows 7 Version 6.1 (Build 7601) Service Pack 1; Esri ArcGIS 10.8.0.12790</envirDesc><dataLang><languageCode value="spa" Sync="TRUE"></languageCode><countryCode value="ESP" Sync="TRUE"></countryCode></dataLang><idCitation><resTitle Sync="TRUE">CONFIRMADOS_COVID_AGOSTO_18_</resTitle><presForm><PresFormCd value="005" Sync="TRUE"></PresFormCd></presForm></idCitation><spatRpType><SpatRepTypCd value="001" Sync="TRUE"></SpatRepTypCd></spatRpType></dataIdInfo><mdLang><languageCode value="spa" Sync="TRUE"></languageCode><countryCode value="ESP" Sync="TRUE"></countryCode></mdLang><distInfo><distFormat><formatName Sync="TRUE">File Geodatabase Feature Class</formatName></distFormat></distInfo><mdHrLv><ScopeCd value="005" Sync="TRUE"></ScopeCd></mdHrLv><mdHrLvName Sync="TRUE">dataset</mdHrLvName><refSysInfo><RefSystem><refSysID><identCode code="4326" Sync="TRUE"></identCode><idCodeSpace Sync="TRUE">EPSG</idCodeSpace><idVersion Sync="TRUE">6.14(3.0.1)</idVersion></refSysID></RefSystem></refSysInfo><spatRepInfo><VectSpatRep><geometObjs Name="CONFIRMADOS_COVID_AGOSTO_18_"><geoObjTyp><GeoObjTypCd value="004" Sync="TRUE"></GeoObjTypCd></geoObjTyp><geoObjCnt Sync="TRUE">0</geoObjCnt></geometObjs><topLvl><TopoLevCd value="001" Sync="TRUE"></TopoLevCd></topLvl></VectSpatRep></spatRepInfo><spdoinfo><ptvctinf><esriterm Name="CONFIRMADOS_COVID_AGOSTO_18_"><efeatyp Sync="TRUE">Simple</efeatyp><efeageom code="1" Sync="TRUE"></efeageom><esritopo Sync="TRUE">FALSE</esritopo><efeacnt Sync="TRUE">0</efeacnt><spindex Sync="TRUE">TRUE</spindex><linrefer Sync="TRUE">FALSE</linrefer></esriterm></ptvctinf></spdoinfo><eainfo><detailed Name="CONFIRMADOS_COVID_AGOSTO_18_"><enttyp><enttypl Sync="TRUE">CONFIRMADOS_COVID_AGOSTO_18_</enttypl><enttypt Sync="TRUE">Feature Class</enttypt><enttypc Sync="TRUE">0</enttypc></enttyp><attr><attrlabl Sync="TRUE">OBJECTID</attrlabl><attalias Sync="TRUE">OBJECTID</attalias><attrtype Sync="TRUE">OID</attrtype><attwidth Sync="TRUE">4</attwidth><atprecis Sync="TRUE">0</atprecis><attscale Sync="TRUE">0</attscale><attrdef Sync="TRUE">Internal feature number.</attrdef><attrdefs Sync="TRUE">Esri</attrdefs><attrdomv><udom Sync="TRUE">Sequential unique whole numbers that are automatically generated.</udom></attrdomv></attr><attr><attrlabl Sync="TRUE">Shape</attrlabl><attalias Sync="TRUE">Shape</attalias><attrtype Sync="TRUE">Geometry</attrtype><attwidth Sync="TRUE">0</attwidth><atprecis Sync="TRUE">0</atprecis><attscale Sync="TRUE">0</attscale><attrdef Sync="TRUE">Feature geometry.</attrdef><attrdefs Sync="TRUE">Esri</attrdefs><attrdomv><udom Sync="TRUE">Coordinates defining the features.</udom></attrdomv></attr><attr><attrlabl Sync="TRUE">ID</attrlabl><attalias Sync="TRUE">ID</attalias><attrtype Sync="TRUE">Integer</attrtype><attwidth Sync="TRUE">4</attwidth><atprecis Sync="TRUE">0</atprecis><attscale Sync="TRUE">0</attscale></attr><attr><attrlabl Sync="TRUE">nombre</attrlabl><attalias Sync="TRUE">nombre</attalias><attrtype Sync="TRUE">String</attrtype><attwidth Sync="TRUE">50</attwidth><atprecis Sync="TRUE">0</atprecis><attscale Sync="TRUE">0</attscale></attr><attr><attrlabl Sync="TRUE">ESTADO</attrlabl><attalias Sync="TRUE">ESTADO</attalias><attrtype Sync="TRUE">String</attrtype><attwidth Sync="TRUE">50</attwidth><atprecis Sync="TRUE">0</atprecis><attscale Sync="TRUE">0</attscale></attr><attr><attrlabl Sync="TRUE">ini_sin</attrlabl><attalias Sync="TRUE">ini_sin</attalias><attrtype Sync="TRUE">Date</attrtype><attwidth Sync="TRUE">8</attwidth><atprecis Sync="TRUE">0</atprecis><attscale Sync="TRUE">0</attscale></attr><attr><attrlabl Sync="TRUE">num_ide</attrlabl><attalias Sync="TRUE">num_ide</attalias><attrtype Sync="TRUE">String</attrtype><attwidth Sync="TRUE">10</attwidth><atprecis Sync="TRUE">0</atprecis><attscale Sync="TRUE">0</attscale></attr><attr><attrlabl Sync="TRUE">Caso</attrlabl><attalias Sync="TRUE">Caso</attalias><attrtype Sync="TRUE">Integer</attrtype><attwidth Sync="TRUE">4</attwidth><atprecis Sync="TRUE">0</atprecis><attscale Sync="TRUE">0</attscale></attr><attr><attrlabl Sync="TRUE">Institucio</attrlabl><attalias Sync="TRUE">Institucio</attalias><attrtype Sync="TRUE">Integer</attrtype><attwidth Sync="TRUE">4</attwidth><atprecis Sync="TRUE">0</atprecis><attscale Sync="TRUE">0</attscale></attr><attr><attrlabl Sync="TRUE">Fecha_repo</attrlabl><attalias Sync="TRUE">Fecha_repo</attalias><attrtype Sync="TRUE">String</attrtype><attwidth Sync="TRUE">50</attwidth><atprecis Sync="TRUE">0</atprecis><attscale Sync="TRUE">0</attscale></attr></detailed></eainfo><mdDateSt Sync="TRUE">20200818</mdDateSt></metadata>
