start_timestamp,end_timestamp,window_size,accuracy,time_s,ellapsed_m,skipped
2020-07-15 00:00:00,2020-07-15 12:00:00,12,30,2.84,0.0,False
2020-07-15 12:00:00,2020-07-16 00:00:00,12,30,3.44,0.1,False
2020-07-16 00:00:00,2020-07-16 12:00:00,12,30,2.57,0.1,False
2020-07-16 12:00:00,2020-07-17 00:00:00,12,30,2.54,0.2,False
2020-07-16 21:00:00,2020-07-17 00:00:00,12,30,2.53,0.0,False
2020-07-16 21:00:00,2020-07-17 00:00:00,12,30,2.11,0.0,False
2020-07-16 21:00:00,2020-07-17 00:00:00,12,30,2.32,0.0,False
2020-07-16 21:00:00,2020-07-17 00:00:00,12,30,3.4,0.1,False
2020-07-20 21:00:00,2020-07-21 00:00:00,12,30,3.02,0.1,False
2020-07-21 00:00:00,2020-07-21 12:00:00,12,30,3.44,0.1,False
2020-07-21 12:00:00,2020-07-22 00:00:00,12,30,3.21,0.1,False
2020-07-22 00:00:00,2020-07-22 12:00:00,12,30,4.18,0.1,False
2020-07-22 12:00:00,2020-07-23 00:00:00,12,30,6.56,0.2,False
2020-07-23 00:00:00,2020-07-23 12:00:00,12,30,3.36,0.1,False
2020-07-23 12:00:00,2020-07-24 00:00:00,12,30,4.07,0.1,False
2020-07-24 00:00:00,2020-07-24 12:00:00,12,30,3.23,0.1,False
2020-07-24 12:00:00,2020-07-25 00:00:00,12,30,3.2,0.1,False
2020-07-25 00:00:00,2020-07-25 12:00:00,12,30,3.56,0.1,False
2020-07-25 12:00:00,2020-07-26 00:00:00,12,30,3.79,0.1,False
2020-07-26 00:00:00,2020-07-26 12:00:00,12,30,3.23,0.2,False
2020-07-26 12:00:00,2020-07-27 00:00:00,12,30,2.86,0.2,False
2020-07-27 00:00:00,2020-07-27 12:00:00,12,30,3.94,0.1,False
2020-07-27 12:00:00,2020-07-28 00:00:00,12,30,2.83,0.1,False
2020-07-28 00:00:00,2020-07-28 12:00:00,12,30,4.48,0.1,False
2020-07-28 12:00:00,2020-07-29 00:00:00,12,30,6.27,0.2,False
2020-07-29 00:00:00,2020-07-29 12:00:00,12,30,8.43,0.3,False
2020-07-29 12:00:00,2020-07-30 00:00:00,12,30,16.27,0.6,False
2020-07-30 00:00:00,2020-07-30 12:00:00,12,30,15.82,0.9,False
2020-07-30 12:00:00,2020-07-31 00:00:00,12,30,11.72,1.0,False
2020-07-31 00:00:00,2020-07-31 12:00:00,12,30,2.87,1.1,False
2020-07-31 12:00:00,2020-08-01 00:00:00,12,30,3.53,1.2,False
2020-08-01 00:00:00,2020-08-01 12:00:00,12,30,3.87,1.2,False
2020-08-01 12:00:00,2020-08-02 00:00:00,12,30,4.19,1.3,False
2020-08-02 00:00:00,2020-08-02 12:00:00,12,30,3.29,1.3,False
2020-08-02 12:00:00,2020-08-03 00:00:00,12,30,3.53,1.4,False
2020-08-03 00:00:00,2020-08-03 12:00:00,12,30,24.89,0.4,False
2020-08-03 12:00:00,2020-08-04 00:00:00,12,30,24.4,0.8,False
2020-08-04 00:00:00,2020-08-04 12:00:00,12,30,4.44,0.9,False
2020-08-04 12:00:00,2020-08-05 00:00:00,12,30,3.78,1.0,False
2020-08-05 00:00:00,2020-08-05 12:00:00,12,30,3.7,1.0,False
2020-08-05 12:00:00,2020-08-06 00:00:00,12,30,5.63,1.1,False
2020-08-06 00:00:00,2020-08-06 12:00:00,12,30,4.1,1.2,False
2020-08-06 12:00:00,2020-08-07 00:00:00,12,30,3.45,1.2,False
2020-08-07 00:00:00,2020-08-07 01:00:00,1,30,7.8,0.9,False
2020-08-07 01:00:00,2020-08-07 03:00:00,2,30,15.37,1.2,False
2020-08-07 03:00:00,2020-08-07 06:00:00,3,30,11.55,1.4,False
2020-08-07 06:00:00,2020-08-07 10:00:00,4,30,4.07,1.4,False
2020-08-07 10:00:00,2020-08-07 15:00:00,5,30,9.07,1.6,False
2020-08-07 15:00:00,2020-08-07 16:00:00,1,30,7.09,2.4,False
2020-08-07 16:00:00,2020-08-07 18:00:00,2,30,11.18,2.6,False
2020-08-07 18:00:00,2020-08-07 21:00:00,3,30,13.54,2.8,False
2020-08-07 21:00:00,2020-08-08 01:00:00,4,30,16.77,3.1,False
2020-08-08 01:00:00,2020-08-08 06:00:00,5,30,18.11,3.4,False
2020-08-08 06:00:00,2020-08-08 12:00:00,6,30,5.71,3.5,False
2020-08-08 12:00:00,2020-08-08 19:00:00,7,30,4.27,3.6,False
2020-08-08 19:00:00,2020-08-09 03:00:00,8,30,2.85,3.6,False
2020-08-09 03:00:00,2020-08-09 12:00:00,9,30,2.33,3.7,False
2020-08-09 12:00:00,2020-08-09 22:00:00,10,30,2.19,3.7,False
2020-08-09 22:00:00,2020-08-10 09:00:00,11,30,2.77,3.7,False
2020-08-10 09:00:00,2020-08-10 21:00:00,12,30,3.0,3.8,False
2020-08-10 21:00:00,2020-08-11 00:00:00,12,30,2.77,3.8,False
2020-02-01 00:00:00,2020-02-01 12:00:00,12,30,3.79,0.1,False
2020-02-01 12:00:00,2020-02-02 00:00:00,12,30,3.71,0.1,False
2020-02-02 00:00:00,2020-02-02 12:00:00,12,30,3.12,0.2,False
2020-02-02 12:00:00,2020-02-03 00:00:00,12,30,2.88,0.2,False
2020-02-03 00:00:00,2020-02-03 12:00:00,12,30,3.11,0.3,False
2020-02-03 12:00:00,2020-02-04 00:00:00,12,30,3.5,0.3,False
2020-02-04 00:00:00,2020-02-04 12:00:00,12,30,3.49,0.4,False
2020-02-04 12:00:00,2020-02-05 00:00:00,12,30,4.11,0.5,False
2020-02-05 00:00:00,2020-02-05 12:00:00,12,30,4.82,0.5,False
2020-02-05 12:00:00,2020-02-06 00:00:00,12,30,4.68,0.6,False
2020-02-06 00:00:00,2020-02-06 12:00:00,12,30,3.14,0.7,False
2020-02-06 12:00:00,2020-02-07 00:00:00,12,30,3.71,0.7,False
2020-02-07 00:00:00,2020-02-07 12:00:00,12,30,5.13,0.8,False
2020-02-07 12:00:00,2020-02-08 00:00:00,12,30,4.78,0.9,False
2020-02-08 00:00:00,2020-02-08 12:00:00,12,30,5.82,1.0,False
2020-02-08 12:00:00,2020-02-09 00:00:00,12,30,4.04,1.1,False
2020-02-09 00:00:00,2020-02-09 12:00:00,12,30,3.71,1.1,False
2020-02-09 12:00:00,2020-02-10 00:00:00,12,30,4.3,1.2,False
2020-02-10 00:00:00,2020-02-10 12:00:00,12,30,3.61,1.3,False
2020-02-10 12:00:00,2020-02-11 00:00:00,12,30,3.09,1.3,False
2020-02-11 00:00:00,2020-02-11 12:00:00,12,30,3.61,1.4,False
2020-02-11 12:00:00,2020-02-12 00:00:00,12,30,3.22,1.4,False
2020-02-12 00:00:00,2020-02-12 12:00:00,12,30,3.46,1.5,False
2020-02-12 12:00:00,2020-02-13 00:00:00,12,30,3.57,1.5,False
2020-02-13 00:00:00,2020-02-13 12:00:00,12,30,3.53,1.6,False
2020-02-13 12:00:00,2020-02-14 00:00:00,12,30,3.46,1.7,False
2020-02-14 00:00:00,2020-02-14 12:00:00,12,30,3.41,1.7,False
2020-02-14 12:00:00,2020-02-15 00:00:00,12,30,3.37,1.8,False
2020-02-15 00:00:00,2020-02-15 12:00:00,12,30,4.23,1.8,False
2020-02-15 12:00:00,2020-02-16 00:00:00,12,30,3.75,1.9,False
2020-02-16 00:00:00,2020-02-16 12:00:00,12,30,3.44,2.0,False
2020-02-16 12:00:00,2020-02-17 00:00:00,12,30,3.75,2.0,False
2020-02-17 00:00:00,2020-02-17 12:00:00,12,30,3.46,2.1,False
2020-02-17 12:00:00,2020-02-18 00:00:00,12,30,3.12,2.1,False
2020-02-18 00:00:00,2020-02-18 12:00:00,12,30,3.37,2.2,False
2020-02-18 12:00:00,2020-02-19 00:00:00,12,30,4.74,2.3,False
2020-02-19 00:00:00,2020-02-19 12:00:00,12,30,3.77,2.3,False
2020-02-19 12:00:00,2020-02-20 00:00:00,12,30,3.73,2.4,False
2020-02-20 00:00:00,2020-02-20 12:00:00,12,30,3.92,2.5,False
2020-02-20 12:00:00,2020-02-21 00:00:00,12,30,3.65,2.5,False
2020-02-21 00:00:00,2020-02-21 12:00:00,12,30,3.37,2.6,False
2020-02-21 12:00:00,2020-02-22 00:00:00,12,30,3.75,2.6,False
2020-02-22 00:00:00,2020-02-22 12:00:00,12,30,3.52,2.7,False
2020-02-22 12:00:00,2020-02-23 00:00:00,12,30,4.07,2.8,False
2020-02-23 00:00:00,2020-02-23 12:00:00,12,30,4.42,2.8,False
2020-02-23 12:00:00,2020-02-24 00:00:00,12,30,14.21,3.1,False
2020-02-24 00:00:00,2020-02-24 12:00:00,12,30,9.15,3.2,False
2020-02-24 12:00:00,2020-02-25 00:00:00,12,30,3.83,3.3,False
2020-02-25 00:00:00,2020-02-25 12:00:00,12,30,3.12,3.3,False
2020-02-25 12:00:00,2020-02-26 00:00:00,12,30,3.14,3.4,False
2020-02-26 00:00:00,2020-02-26 12:00:00,12,30,3.15,3.4,False
2020-02-26 12:00:00,2020-02-27 00:00:00,12,30,3.55,3.5,False
2020-02-27 00:00:00,2020-02-27 12:00:00,12,30,3.15,3.6,False
2020-02-27 12:00:00,2020-02-28 00:00:00,12,30,3.12,3.6,False
2020-02-28 00:00:00,2020-02-28 12:00:00,12,30,3.52,3.7,False
2020-02-28 12:00:00,2020-02-29 00:00:00,12,30,3.4,3.7,False
2020-02-29 00:00:00,2020-02-29 12:00:00,12,30,3.02,3.8,False
2020-02-29 12:00:00,2020-03-01 00:00:00,12,30,3.43,3.8,False
2020-03-01 00:00:00,2020-03-01 12:00:00,12,30,3.18,3.9,False
2020-03-01 12:00:00,2020-03-02 00:00:00,12,30,4.03,4.0,False
2020-03-02 00:00:00,2020-03-02 12:00:00,12,30,5.09,4.0,False
2020-03-02 12:00:00,2020-03-03 00:00:00,12,30,3.07,4.1,False
2020-03-03 00:00:00,2020-03-03 12:00:00,12,30,4.48,4.2,False
2020-03-03 12:00:00,2020-03-04 00:00:00,12,30,19.75,4.5,False
2020-03-04 00:00:00,2020-03-04 12:00:00,12,30,17.37,4.8,False
2020-03-04 12:00:00,2020-03-05 00:00:00,12,30,23.22,5.2,False
2020-03-05 00:00:00,2020-03-05 12:00:00,12,30,19.14,5.5,False
2020-03-05 12:00:00,2020-03-06 00:00:00,12,30,25.54,5.9,False
2020-03-06 00:00:00,2020-03-06 12:00:00,12,30,20.06,6.3,False
2020-03-06 12:00:00,2020-03-07 00:00:00,12,30,20.44,6.6,False
2020-03-07 00:00:00,2020-03-07 12:00:00,12,30,20.5,6.9,False
2020-03-07 12:00:00,2020-03-08 00:00:00,12,30,24.82,7.3,False
2020-03-08 00:00:00,2020-03-08 12:00:00,12,30,21.19,7.7,False
2020-03-08 12:00:00,2020-03-09 00:00:00,12,30,30.12,8.2,False
2020-03-09 00:00:00,2020-03-09 11:00:00,11,30,22.14,8.6,False
2020-03-09 11:00:00,2020-03-09 23:00:00,12,30,31.79,9.1,False
2020-03-09 23:00:00,2020-03-10 10:00:00,11,30,18.56,9.4,False
2020-03-10 10:00:00,2020-03-10 22:00:00,12,30,4.43,9.5,False
2020-03-10 22:00:00,2020-03-11 10:00:00,12,30,5.52,9.6,False
2020-03-11 10:00:00,2020-03-11 22:00:00,12,30,5.22,9.7,False
2020-03-11 22:00:00,2020-03-12 10:00:00,12,30,5.08,9.7,False
2020-03-12 10:00:00,2020-03-12 22:00:00,12,30,5.36,9.8,False
2020-03-12 22:00:00,2020-03-13 10:00:00,12,30,4.85,9.9,False
2020-03-13 10:00:00,2020-03-13 22:00:00,12,30,5.45,10.0,False
2020-03-13 22:00:00,2020-03-14 10:00:00,12,30,5.28,10.1,False
2020-03-14 10:00:00,2020-03-14 22:00:00,12,30,5.03,10.2,False
2020-03-14 22:00:00,2020-03-15 10:00:00,12,30,5.47,10.3,False
2020-03-15 10:00:00,2020-03-15 22:00:00,12,30,6.2,10.4,False
2020-03-15 22:00:00,2020-03-16 10:00:00,12,30,5.56,10.5,False
2020-03-16 10:00:00,2020-03-16 22:00:00,12,30,4.77,10.5,False
2020-03-16 22:00:00,2020-03-17 10:00:00,12,30,5.17,10.6,False
2020-03-17 10:00:00,2020-03-17 22:00:00,12,30,4.7,10.7,False
2020-03-17 22:00:00,2020-03-18 10:00:00,12,30,5.19,10.8,False
2020-03-18 10:00:00,2020-03-18 22:00:00,12,30,5.54,10.9,False
2020-03-18 22:00:00,2020-03-19 10:00:00,12,30,5.01,11.0,False
2020-03-19 10:00:00,2020-03-19 22:00:00,12,30,5.66,11.1,False
2020-03-19 22:00:00,2020-03-20 10:00:00,12,30,6.18,11.2,False
2020-03-20 10:00:00,2020-03-20 22:00:00,12,30,9.63,11.3,False
2020-03-20 22:00:00,2020-03-21 10:00:00,12,30,5.96,11.4,False
2020-03-21 10:00:00,2020-03-21 22:00:00,12,30,5.92,11.5,False
2020-03-21 22:00:00,2020-03-22 10:00:00,12,30,5.87,11.6,False
2020-03-22 10:00:00,2020-03-22 22:00:00,12,30,4.26,11.7,False
2020-03-22 22:00:00,2020-03-23 10:00:00,12,30,5.84,11.8,False
2020-03-23 10:00:00,2020-03-23 22:00:00,12,30,5.78,11.9,False
2020-03-23 22:00:00,2020-03-24 10:00:00,12,30,4.73,12.0,False
2020-03-24 10:00:00,2020-03-24 22:00:00,12,30,6.41,12.1,False
2020-03-24 22:00:00,2020-03-25 10:00:00,12,30,19.75,12.4,False
2020-03-25 10:00:00,2020-03-25 22:00:00,12,30,13.5,12.6,False
2020-03-25 22:00:00,2020-03-26 10:00:00,12,30,5.03,12.7,False
2020-03-26 10:00:00,2020-03-26 22:00:00,12,30,5.26,12.8,False
2020-03-26 22:00:00,2020-03-27 10:00:00,12,30,4.93,12.9,False
2020-03-27 10:00:00,2020-03-27 22:00:00,12,30,5.19,13.0,False
2020-03-27 22:00:00,2020-03-28 10:00:00,12,30,4.72,13.1,False
2020-03-28 10:00:00,2020-03-28 22:00:00,12,30,5.6,13.1,False
2020-03-28 22:00:00,2020-03-29 10:00:00,12,30,4.96,13.2,False
2020-03-29 10:00:00,2020-03-29 22:00:00,12,30,4.75,13.3,False
2020-03-29 22:00:00,2020-03-30 10:00:00,12,30,5.08,13.4,False
2020-03-30 10:00:00,2020-03-30 22:00:00,12,30,6.97,13.5,False
2020-03-30 22:00:00,2020-03-31 10:00:00,12,30,5.48,13.6,False
2020-03-31 10:00:00,2020-03-31 22:00:00,12,30,5.34,13.7,False
2020-03-31 22:00:00,2020-04-01 10:00:00,12,30,4.9,13.8,False
2020-04-01 10:00:00,2020-04-01 22:00:00,12,30,4.74,13.8,False
2020-04-01 22:00:00,2020-04-02 10:00:00,12,30,4.52,13.9,False
2020-04-02 10:00:00,2020-04-02 22:00:00,12,30,5.32,14.0,False
2020-04-02 22:00:00,2020-04-03 10:00:00,12,30,4.68,14.1,False
2020-04-03 10:00:00,2020-04-03 22:00:00,12,30,5.19,14.2,False
2020-04-03 22:00:00,2020-04-04 10:00:00,12,30,5.61,14.3,False
2020-04-04 10:00:00,2020-04-04 22:00:00,12,30,6.07,14.4,False
2020-04-04 22:00:00,2020-04-05 10:00:00,12,30,4.13,14.4,False
2020-04-05 10:00:00,2020-04-05 22:00:00,12,30,5.05,14.5,False
2020-04-05 22:00:00,2020-04-06 10:00:00,12,30,4.44,14.6,False
2020-04-06 10:00:00,2020-04-06 22:00:00,12,30,5.31,14.7,False
2020-04-06 22:00:00,2020-04-07 10:00:00,12,30,4.67,14.8,False
2020-04-07 10:00:00,2020-04-07 22:00:00,12,30,6.2,14.9,False
2020-04-07 22:00:00,2020-04-08 10:00:00,12,30,5.32,15.0,False
2020-04-08 10:00:00,2020-04-08 22:00:00,12,30,5.71,15.1,False
2020-04-08 22:00:00,2020-04-09 10:00:00,12,30,4.13,15.1,False
2020-04-09 10:00:00,2020-04-09 22:00:00,12,30,4.13,15.2,False
2020-04-09 22:00:00,2020-04-10 10:00:00,12,30,4.71,15.3,False
2020-04-10 10:00:00,2020-04-10 22:00:00,12,30,5.46,15.4,False
2020-04-10 22:00:00,2020-04-11 10:00:00,12,30,4.82,15.4,False
2020-04-11 10:00:00,2020-04-11 22:00:00,12,30,4.72,15.5,False
2020-04-11 22:00:00,2020-04-12 10:00:00,12,30,3.72,15.6,False
2020-04-12 10:00:00,2020-04-12 22:00:00,12,30,5.09,15.7,False
2020-04-12 22:00:00,2020-04-13 10:00:00,12,30,4.33,15.7,False
2020-04-13 10:00:00,2020-04-13 22:00:00,12,30,4.39,15.8,False
2020-04-13 22:00:00,2020-04-14 10:00:00,12,30,3.97,15.9,False
2020-04-14 10:00:00,2020-04-14 22:00:00,12,30,5.89,16.0,False
2020-04-14 22:00:00,2020-04-15 10:00:00,12,30,4.04,16.0,False
2020-04-15 10:00:00,2020-04-15 22:00:00,12,30,5.47,16.1,False
2020-04-15 22:00:00,2020-04-16 10:00:00,12,30,5.18,16.2,False
2020-04-16 10:00:00,2020-04-16 22:00:00,12,30,6.13,16.3,False
2020-04-16 22:00:00,2020-04-17 10:00:00,12,30,5.69,16.4,False
2020-04-17 10:00:00,2020-04-17 22:00:00,12,30,7.3,16.5,False
2020-04-17 22:00:00,2020-04-18 10:00:00,12,30,6.17,16.6,False
2020-04-18 10:00:00,2020-04-18 22:00:00,12,30,5.71,16.7,False
2020-04-18 22:00:00,2020-04-19 10:00:00,12,30,11.38,16.9,False
2020-04-19 10:00:00,2020-04-19 22:00:00,12,30,6.13,17.0,False
2020-04-19 22:00:00,2020-04-20 10:00:00,12,30,4.44,17.1,False
2020-04-20 10:00:00,2020-04-20 22:00:00,12,30,4.7,17.2,False
2020-04-20 22:00:00,2020-04-21 10:00:00,12,30,4.41,17.3,False
2020-04-21 10:00:00,2020-04-21 22:00:00,12,30,5.58,17.3,False
2020-04-21 22:00:00,2020-04-22 10:00:00,12,30,5.39,17.4,False
2020-04-22 10:00:00,2020-04-22 22:00:00,12,30,5.49,17.5,False
2020-04-22 22:00:00,2020-04-23 10:00:00,12,30,5.93,17.6,False
2020-04-23 10:00:00,2020-04-23 22:00:00,12,30,7.15,17.7,False
2020-04-23 22:00:00,2020-04-24 10:00:00,12,30,5.32,17.8,False
2020-04-24 10:00:00,2020-04-24 22:00:00,12,30,7.97,18.0,False
2020-04-24 22:00:00,2020-04-25 10:00:00,12,30,6.23,18.1,False
2020-04-25 10:00:00,2020-04-25 22:00:00,12,30,7.16,18.2,False
2020-04-25 22:00:00,2020-04-26 10:00:00,12,30,5.67,18.3,False
2020-04-26 10:00:00,2020-04-26 22:00:00,12,30,5.17,18.4,False
2020-04-26 22:00:00,2020-04-27 10:00:00,12,30,4.85,18.5,False
2020-04-27 10:00:00,2020-04-27 22:00:00,12,30,5.35,18.5,False
2020-04-27 22:00:00,2020-04-28 10:00:00,12,30,5.04,18.6,False
2020-04-28 10:00:00,2020-04-28 22:00:00,12,30,5.09,18.7,False
2020-04-28 22:00:00,2020-04-29 10:00:00,12,30,4.22,18.8,False
2020-04-29 10:00:00,2020-04-29 22:00:00,12,30,25.81,19.2,False
2020-04-29 22:00:00,2020-04-30 10:00:00,12,30,4.71,19.3,False
2020-04-30 10:00:00,2020-04-30 22:00:00,12,30,4.88,19.4,False
2020-04-30 22:00:00,2020-05-01 10:00:00,12,30,4.93,19.5,False
2020-05-01 10:00:00,2020-05-01 22:00:00,12,30,4.04,19.5,False
2020-05-01 22:00:00,2020-05-02 10:00:00,12,30,4.62,19.6,False
2020-05-02 10:00:00,2020-05-02 22:00:00,12,30,5.66,19.7,False
2020-05-02 22:00:00,2020-05-03 10:00:00,12,30,5.71,19.8,False
2020-05-03 10:00:00,2020-05-03 22:00:00,12,30,6.24,19.9,False
2020-05-03 22:00:00,2020-05-04 10:00:00,12,30,6.91,20.0,False
2020-05-04 10:00:00,2020-05-04 22:00:00,12,30,4.77,20.1,False
2020-05-04 22:00:00,2020-05-05 10:00:00,12,30,4.46,20.2,False
2020-05-05 10:00:00,2020-05-05 22:00:00,12,30,5.45,20.3,False
2020-05-05 22:00:00,2020-05-06 10:00:00,12,30,5.47,20.3,False
2020-05-06 10:00:00,2020-05-06 22:00:00,12,30,5.39,20.4,False
2020-05-06 22:00:00,2020-05-07 10:00:00,12,30,5.14,20.5,False
2020-05-07 10:00:00,2020-05-07 22:00:00,12,30,23.82,20.9,False
2020-05-07 22:00:00,2020-05-08 10:00:00,12,30,4.88,21.0,False
2020-05-08 10:00:00,2020-05-08 22:00:00,12,30,5.56,21.1,False
2020-05-08 22:00:00,2020-05-09 10:00:00,12,30,5.18,21.2,False
2020-05-09 10:00:00,2020-05-09 22:00:00,12,30,5.74,21.3,False
2020-05-09 22:00:00,2020-05-10 10:00:00,12,30,5.04,21.4,False
2020-05-10 10:00:00,2020-05-10 22:00:00,12,30,5.11,21.4,False
2020-05-10 22:00:00,2020-05-11 10:00:00,12,30,4.7,21.5,False
2020-05-11 10:00:00,2020-05-11 22:00:00,12,30,5.17,21.6,False
2020-05-11 22:00:00,2020-05-12 10:00:00,12,30,4.73,21.7,False
2020-05-12 10:00:00,2020-05-12 22:00:00,12,30,5.4,21.8,False
2020-05-12 22:00:00,2020-05-13 10:00:00,12,30,4.41,21.8,False
2020-05-13 10:00:00,2020-05-13 22:00:00,12,30,4.35,21.9,False
2020-05-13 22:00:00,2020-05-14 10:00:00,12,30,4.99,22.0,False
2020-05-14 10:00:00,2020-05-14 22:00:00,12,30,6.1,22.1,False
2020-05-14 22:00:00,2020-05-15 10:00:00,12,30,4.76,22.2,False
2020-05-15 10:00:00,2020-05-15 22:00:00,12,30,5.0,22.3,False
2020-05-15 22:00:00,2020-05-16 10:00:00,12,30,5.37,22.4,False
2020-05-16 10:00:00,2020-05-16 22:00:00,12,30,5.8,22.5,False
2020-05-16 22:00:00,2020-05-17 10:00:00,12,30,3.96,22.5,False
2020-05-17 10:00:00,2020-05-17 22:00:00,12,30,5.3,22.6,False
2020-05-17 22:00:00,2020-05-18 10:00:00,12,30,4.28,22.7,False
2020-05-18 10:00:00,2020-05-18 22:00:00,12,30,5.0,22.8,False
2020-05-18 22:00:00,2020-05-19 10:00:00,12,30,4.65,22.8,False
2020-05-19 10:00:00,2020-05-19 22:00:00,12,30,6.17,22.9,False
2020-05-19 22:00:00,2020-05-20 10:00:00,12,30,4.61,23.0,False
2020-05-20 10:00:00,2020-05-20 22:00:00,12,30,6.07,23.1,False
2020-05-20 22:00:00,2020-05-21 10:00:00,12,30,5.06,23.2,False
2020-05-21 10:00:00,2020-05-21 22:00:00,12,30,5.71,23.3,False
2020-05-21 22:00:00,2020-05-22 10:00:00,12,30,4.64,23.4,False
2020-05-22 10:00:00,2020-05-22 22:00:00,12,30,5.93,23.5,False
2020-05-22 22:00:00,2020-05-23 10:00:00,12,30,5.55,23.6,False
2020-05-23 10:00:00,2020-05-23 22:00:00,12,30,6.12,23.7,False
2020-05-23 22:00:00,2020-05-24 10:00:00,12,30,6.09,23.8,False
2020-05-24 10:00:00,2020-05-24 22:00:00,12,30,6.75,23.9,False
2020-05-24 22:00:00,2020-05-25 10:00:00,12,30,5.65,24.0,False
2020-05-25 10:00:00,2020-05-25 22:00:00,12,30,6.15,24.1,False
2020-05-25 22:00:00,2020-05-26 10:00:00,12,30,4.4,24.2,False
2020-05-26 10:00:00,2020-05-26 22:00:00,12,30,6.08,24.3,False
2020-05-26 22:00:00,2020-05-27 10:00:00,12,30,4.23,24.3,False
2020-05-27 10:00:00,2020-05-27 22:00:00,12,30,4.39,24.4,False
2020-05-27 22:00:00,2020-05-28 10:00:00,12,30,5.6,24.5,False
2020-05-28 10:00:00,2020-05-28 22:00:00,12,30,5.35,24.6,False
2020-05-28 22:00:00,2020-05-29 10:00:00,12,30,4.56,24.7,False
2020-05-29 10:00:00,2020-05-29 22:00:00,12,30,5.1,24.7,False
2020-05-29 22:00:00,2020-05-30 10:00:00,12,30,3.91,24.8,False
2020-05-30 10:00:00,2020-05-30 22:00:00,12,30,4.42,24.9,False
2020-05-30 22:00:00,2020-05-31 10:00:00,12,30,4.67,25.0,False
2020-05-31 10:00:00,2020-05-31 22:00:00,12,30,5.32,25.0,False
2020-05-31 22:00:00,2020-06-01 10:00:00,12,30,5.03,25.1,False
2020-06-01 10:00:00,2020-06-01 22:00:00,12,30,4.91,25.2,False
2020-06-01 22:00:00,2020-06-02 10:00:00,12,30,4.82,25.3,False
2020-06-02 10:00:00,2020-06-02 22:00:00,12,30,7.24,25.4,False
2020-06-02 22:00:00,2020-06-03 10:00:00,12,30,5.36,25.5,False
2020-06-03 10:00:00,2020-06-03 22:00:00,12,30,5.3,25.6,False
2020-06-03 22:00:00,2020-06-04 10:00:00,12,30,6.0,25.7,False
2020-06-04 10:00:00,2020-06-04 22:00:00,12,30,7.68,25.8,False
2020-06-04 22:00:00,2020-06-05 10:00:00,12,30,10.12,26.0,False
2020-06-05 10:00:00,2020-06-05 22:00:00,12,30,8.81,26.1,False
2020-06-05 22:00:00,2020-06-06 10:00:00,12,30,6.06,26.2,False
2020-06-06 10:00:00,2020-06-06 22:00:00,12,30,5.45,26.3,False
2020-06-06 22:00:00,2020-06-07 10:00:00,12,30,4.71,26.4,False
2020-06-07 10:00:00,2020-06-07 22:00:00,12,30,5.35,26.5,False
2020-06-07 22:00:00,2020-06-08 10:00:00,12,30,5.35,26.6,False
2020-06-08 10:00:00,2020-06-08 22:00:00,12,30,5.68,26.7,False
2020-06-08 22:00:00,2020-06-09 10:00:00,12,30,5.1,26.8,False
2020-06-09 10:00:00,2020-06-09 22:00:00,12,30,5.66,26.9,False
2020-06-09 22:00:00,2020-06-10 10:00:00,12,30,4.35,26.9,False
2020-06-10 10:00:00,2020-06-10 22:00:00,12,30,6.51,27.0,False
2020-06-10 22:00:00,2020-06-11 10:00:00,12,30,5.31,27.1,False
2020-06-11 10:00:00,2020-06-11 22:00:00,12,30,6.33,27.2,False
2020-06-11 22:00:00,2020-06-12 10:00:00,12,30,5.56,27.3,False
2020-06-12 10:00:00,2020-06-12 22:00:00,12,30,4.63,27.4,False
2020-06-12 22:00:00,2020-06-13 10:00:00,12,30,4.23,27.5,False
2020-06-13 10:00:00,2020-06-13 22:00:00,12,30,7.06,27.6,False
2020-06-13 22:00:00,2020-06-14 10:00:00,12,30,5.25,27.7,False
2020-06-14 10:00:00,2020-06-14 22:00:00,12,30,5.41,27.8,False
2020-06-14 22:00:00,2020-06-15 10:00:00,12,30,4.6,27.8,False
2020-06-15 10:00:00,2020-06-15 22:00:00,12,30,5.02,27.9,False
2020-06-15 22:00:00,2020-06-16 10:00:00,12,30,4.07,28.0,False
2020-06-16 10:00:00,2020-06-16 22:00:00,12,30,4.35,28.1,False
2020-06-16 22:00:00,2020-06-17 10:00:00,12,30,5.36,28.2,False
2020-06-17 10:00:00,2020-06-17 22:00:00,12,30,5.37,28.2,False
2020-06-17 22:00:00,2020-06-18 10:00:00,12,30,4.91,28.3,False
2020-06-18 10:00:00,2020-06-18 22:00:00,12,30,6.1,28.4,False
2020-06-18 22:00:00,2020-06-19 10:00:00,12,30,4.62,28.5,False
2020-06-19 10:00:00,2020-06-19 22:00:00,12,30,6.04,28.6,False
2020-06-19 22:00:00,2020-06-20 10:00:00,12,30,5.28,28.7,False
2020-06-20 10:00:00,2020-06-20 22:00:00,12,30,6.6,28.8,False
2020-06-20 22:00:00,2020-06-21 10:00:00,12,30,5.33,28.9,False
2020-06-21 10:00:00,2020-06-21 22:00:00,12,30,5.32,29.0,False
2020-06-21 22:00:00,2020-06-22 10:00:00,12,30,4.87,29.1,False
2020-06-22 10:00:00,2020-06-22 22:00:00,12,30,6.03,29.2,False
2020-06-22 22:00:00,2020-06-23 10:00:00,12,30,3.99,29.2,False
2020-06-23 10:00:00,2020-06-23 22:00:00,12,30,5.69,29.3,False
2020-06-23 22:00:00,2020-06-24 10:00:00,12,30,4.77,29.4,False
2020-06-24 10:00:00,2020-06-24 22:00:00,12,30,5.75,29.5,False
2020-06-24 22:00:00,2020-06-25 10:00:00,12,30,5.13,29.6,False
2020-06-25 10:00:00,2020-06-25 22:00:00,12,30,6.41,29.7,False
2020-06-25 22:00:00,2020-06-26 10:00:00,12,30,5.85,29.8,False
2020-06-26 10:00:00,2020-06-26 22:00:00,12,30,5.31,29.9,False
2020-06-26 22:00:00,2020-06-27 10:00:00,12,30,5.1,30.0,False
2020-06-27 10:00:00,2020-06-27 22:00:00,12,30,6.17,30.1,False
2020-06-27 22:00:00,2020-06-28 10:00:00,12,30,3.94,30.1,False
2020-06-28 10:00:00,2020-06-28 22:00:00,12,30,5.09,30.2,False
2020-06-28 22:00:00,2020-06-29 10:00:00,12,30,4.22,30.3,False
2020-06-29 10:00:00,2020-06-29 22:00:00,12,30,4.46,30.4,False
2020-06-29 22:00:00,2020-06-30 10:00:00,12,30,6.4,30.5,False
2020-06-30 10:00:00,2020-06-30 22:00:00,12,30,4.67,30.6,False
2020-06-30 22:00:00,2020-07-01 10:00:00,12,30,5.45,30.6,False
2020-07-01 10:00:00,2020-07-01 22:00:00,12,30,6.23,30.7,False
2020-07-01 22:00:00,2020-07-02 10:00:00,12,30,6.48,30.9,False
2020-07-02 10:00:00,2020-07-02 22:00:00,12,30,7.94,31.0,False
2020-07-02 22:00:00,2020-07-03 10:00:00,12,30,6.08,31.1,False
2020-07-03 10:00:00,2020-07-03 22:00:00,12,30,5.1,31.2,False
2020-07-03 22:00:00,2020-07-04 10:00:00,12,30,5.11,31.3,False
2020-07-04 10:00:00,2020-07-04 22:00:00,12,30,4.68,31.3,False
2020-07-04 22:00:00,2020-07-05 10:00:00,12,30,5.28,31.4,False
2020-07-05 10:00:00,2020-07-05 22:00:00,12,30,6.01,31.5,False
2020-07-05 22:00:00,2020-07-06 10:00:00,12,30,5.51,31.6,False
2020-07-06 10:00:00,2020-07-06 22:00:00,12,30,5.63,31.7,False
2020-07-06 22:00:00,2020-07-07 10:00:00,12,30,4.86,31.8,False
2020-07-07 10:00:00,2020-07-07 22:00:00,12,30,6.17,31.9,False
2020-07-07 22:00:00,2020-07-08 10:00:00,12,30,4.46,32.0,False
2020-07-08 10:00:00,2020-07-08 22:00:00,12,30,5.31,32.1,False
2020-07-08 22:00:00,2020-07-09 10:00:00,12,30,5.41,32.1,False
2020-07-09 10:00:00,2020-07-09 22:00:00,12,30,5.99,32.2,False
2020-07-09 22:00:00,2020-07-10 10:00:00,12,30,4.65,32.3,False
2020-07-10 10:00:00,2020-07-10 22:00:00,12,30,4.98,32.4,False
2020-07-10 22:00:00,2020-07-11 10:00:00,12,30,4.99,32.5,False
2020-07-11 10:00:00,2020-07-11 22:00:00,12,30,5.42,32.6,False
2020-07-11 22:00:00,2020-07-12 10:00:00,12,30,5.12,32.7,False
2020-07-12 10:00:00,2020-07-12 22:00:00,12,30,5.12,32.8,False
2020-07-12 22:00:00,2020-07-13 10:00:00,12,30,5.76,32.8,False
2020-07-13 10:00:00,2020-07-13 22:00:00,12,30,5.79,32.9,False
2020-07-13 22:00:00,2020-07-14 10:00:00,12,30,5.93,33.0,False
2020-07-14 10:00:00,2020-07-14 22:00:00,12,30,6.01,33.1,False
2020-07-14 22:00:00,2020-07-15 10:00:00,12,30,5.01,33.2,False
2020-07-15 10:00:00,2020-07-15 22:00:00,12,30,4.58,33.3,False
2020-07-15 22:00:00,2020-07-16 10:00:00,12,30,4.34,33.4,False
2020-07-16 10:00:00,2020-07-16 22:00:00,12,30,5.39,33.5,False
2020-07-16 22:00:00,2020-07-17 10:00:00,12,30,6.4,33.6,False
2020-07-17 10:00:00,2020-07-17 22:00:00,12,30,6.0,33.7,False
2020-07-17 22:00:00,2020-07-18 10:00:00,12,30,4.59,33.7,False
2020-07-18 10:00:00,2020-07-18 22:00:00,12,30,5.63,33.8,False
2020-07-18 22:00:00,2020-07-19 10:00:00,12,30,7.21,34.0,False
2020-07-19 10:00:00,2020-07-19 22:00:00,12,30,5.61,34.1,False
2020-07-19 22:00:00,2020-07-20 10:00:00,12,30,4.66,34.1,False
2020-07-20 10:00:00,2020-07-20 22:00:00,12,30,4.69,34.2,False
2020-07-20 22:00:00,2020-07-21 10:00:00,12,30,3.92,34.3,False
2020-07-21 10:00:00,2020-07-21 22:00:00,12,30,5.51,34.4,False
2020-07-21 22:00:00,2020-07-22 10:00:00,12,30,4.93,34.4,False
2020-07-22 10:00:00,2020-07-22 22:00:00,12,30,4.87,34.5,False
2020-07-22 22:00:00,2020-07-23 10:00:00,12,30,4.67,34.6,False
2020-07-23 10:00:00,2020-07-23 22:00:00,12,30,4.99,34.7,False
2020-07-23 22:00:00,2020-07-24 10:00:00,12,30,3.87,34.8,False
2020-07-24 10:00:00,2020-07-24 22:00:00,12,30,4.8,34.8,False
2020-07-24 22:00:00,2020-07-25 10:00:00,12,30,3.96,34.9,False
2020-07-25 10:00:00,2020-07-25 22:00:00,12,30,4.63,35.0,False
2020-07-25 22:00:00,2020-07-26 10:00:00,12,30,13.3,35.2,False
2020-07-26 10:00:00,2020-07-26 22:00:00,12,30,4.6,35.3,False
2020-07-26 22:00:00,2020-07-27 10:00:00,12,30,4.03,35.3,False
2020-07-27 10:00:00,2020-07-27 22:00:00,12,30,4.98,35.4,False
2020-07-27 22:00:00,2020-07-28 10:00:00,12,30,3.93,35.5,False
2020-07-28 10:00:00,2020-07-28 22:00:00,12,30,6.07,35.6,False
2020-07-28 22:00:00,2020-07-29 10:00:00,12,30,5.84,35.7,False
2020-07-29 10:00:00,2020-07-29 22:00:00,12,30,13.72,35.9,False
2020-07-29 22:00:00,2020-07-30 10:00:00,12,30,27.2,36.4,False
2020-07-30 10:00:00,2020-07-30 11:00:00,1,30,3.03,37.1,False
2020-07-30 11:00:00,2020-07-30 13:00:00,2,30,4.38,37.2,False
2020-07-30 13:00:00,2020-07-30 16:00:00,3,30,6.2,37.3,False
2020-07-30 16:00:00,2020-07-30 20:00:00,4,30,9.68,37.4,False
2020-07-30 20:00:00,2020-07-31 01:00:00,5,30,27.47,37.9,False
2020-07-31 01:00:00,2020-07-31 02:00:00,1,30,9.54,38.7,False
2020-07-31 02:00:00,2020-07-31 04:00:00,2,30,15.04,38.9,False
2020-07-31 04:00:00,2020-07-31 07:00:00,3,30,6.03,39.0,False
2020-07-31 07:00:00,2020-07-31 11:00:00,4,30,4.15,39.1,False
2020-07-31 11:00:00,2020-07-31 16:00:00,5,30,12.45,39.3,False
2020-07-31 16:00:00,2020-07-31 22:00:00,6,30,20.16,39.7,False
2020-07-31 22:00:00,2020-08-01 05:00:00,7,30,4.99,39.7,False
2020-08-01 05:00:00,2020-08-01 13:00:00,8,30,4.89,39.8,False
2020-08-01 13:00:00,2020-08-01 14:00:00,1,30,5.61,40.8,False
2020-08-01 14:00:00,2020-08-01 16:00:00,2,30,8.68,40.9,False
2020-08-01 16:00:00,2020-08-01 19:00:00,3,30,15.09,41.2,False
2020-08-01 19:00:00,2020-08-01 23:00:00,4,30,9.15,41.3,False
2020-08-01 23:00:00,2020-08-02 04:00:00,5,30,54.15,42.2,False
2020-08-02 04:00:00,2020-08-02 08:00:00,4,30,7.55,42.4,False
2020-08-02 08:00:00,2020-08-02 13:00:00,5,30,4.68,42.5,False
2020-08-02 13:00:00,2020-08-02 19:00:00,6,30,19.13,42.8,False
2020-08-02 19:00:00,2020-08-02 20:00:00,1,30,7.2,43.7,False
2020-08-02 20:00:00,2020-08-02 22:00:00,2,30,9.52,43.9,False
2020-08-02 22:00:00,2020-08-03 01:00:00,3,30,13.37,44.1,False
2020-08-03 01:00:00,2020-08-03 05:00:00,4,30,17.41,44.4,False
2020-08-03 05:00:00,2020-08-03 10:00:00,5,30,3.99,44.5,False
2020-08-03 10:00:00,2020-08-03 16:00:00,6,30,12.3,44.7,False
2020-08-03 16:00:00,2020-08-03 17:00:00,1,30,6.9,45.6,False
2020-08-03 17:00:00,2020-08-03 19:00:00,2,30,8.81,45.7,False
2020-08-03 19:00:00,2020-08-03 22:00:00,3,30,10.49,45.9,False
2020-08-03 22:00:00,2020-08-04 02:00:00,4,30,21.52,46.3,False
2020-08-04 02:00:00,2020-08-04 07:00:00,5,30,17.1,46.6,False
2020-08-04 07:00:00,2020-08-04 13:00:00,6,30,4.78,46.6,False
2020-08-04 13:00:00,2020-08-04 20:00:00,7,30,18.05,46.9,False
2020-08-04 20:00:00,2020-08-04 21:00:00,1,30,5.44,48.2,False
2020-08-04 21:00:00,2020-08-04 23:00:00,2,30,5.36,48.2,False
2020-08-04 23:00:00,2020-08-05 02:00:00,3,30,18.91,48.6,False
2020-08-05 02:00:00,2020-08-05 06:00:00,4,30,20.39,48.9,False
2020-08-05 06:00:00,2020-08-05 11:00:00,5,30,3.74,49.0,False
2020-08-05 11:00:00,2020-08-05 17:00:00,6,30,14.87,49.2,False
2020-08-05 17:00:00,2020-08-05 18:00:00,1,30,5.49,50.3,False
2020-08-05 18:00:00,2020-08-05 20:00:00,2,30,9.58,50.4,False
2020-08-05 20:00:00,2020-08-05 23:00:00,3,30,15.4,50.7,False
2020-08-05 23:00:00,2020-08-06 03:00:00,4,30,33.0,51.3,False
2020-08-06 03:00:00,2020-08-06 06:00:00,3,30,11.42,51.4,False
2020-08-06 06:00:00,2020-08-06 10:00:00,4,30,3.79,51.5,False
2020-08-06 10:00:00,2020-08-06 15:00:00,5,30,3.11,51.6,False
2020-08-06 15:00:00,2020-08-06 21:00:00,6,30,9.66,51.7,False
2020-08-06 21:00:00,2020-08-07 04:00:00,7,30,41.29,52.4,False
2020-08-07 04:00:00,2020-08-07 10:00:00,6,30,6.34,52.5,False
2020-08-07 10:00:00,2020-08-07 17:00:00,7,30,12.28,52.7,False
2020-08-07 17:00:00,2020-08-07 18:00:00,1,30,6.16,53.9,False
2020-08-07 18:00:00,2020-08-07 20:00:00,2,30,9.09,54.1,False
2020-08-07 20:00:00,2020-08-07 23:00:00,3,30,9.82,54.2,False
2020-08-07 23:00:00,2020-08-08 03:00:00,4,30,31.78,54.8,False
2020-08-08 03:00:00,2020-08-08 06:00:00,3,30,8.34,54.9,False
2020-08-08 06:00:00,2020-08-08 10:00:00,4,30,4.31,55.0,False
2020-08-08 10:00:00,2020-08-08 15:00:00,5,30,3.36,55.0,False
2020-08-08 15:00:00,2020-08-08 21:00:00,6,30,6.34,55.1,False
2020-08-08 21:00:00,2020-08-09 04:00:00,7,30,14.5,55.4,False
2020-08-09 04:00:00,2020-08-09 12:00:00,8,30,4.64,55.4,False
2020-08-09 12:00:00,2020-08-09 21:00:00,9,30,10.86,55.6,False
2020-08-09 21:00:00,2020-08-10 07:00:00,10,30,6.79,55.7,False
2020-08-10 07:00:00,2020-08-10 18:00:00,11,30,3.18,55.8,False
2020-08-10 18:00:00,2020-08-11 06:00:00,12,30,4.01,55.9,False
2020-08-11 06:00:00,2020-08-11 18:00:00,12,30,3.76,55.9,False
2020-08-11 18:00:00,2020-08-12 06:00:00,12,30,3.44,56.0,False
2020-08-12 06:00:00,2020-08-12 18:00:00,12,30,2.95,56.0,False
2020-08-12 18:00:00,2020-08-13 00:00:00,12,30,2.93,56.1,False
2020-02-01 00:00:00,2020-02-01 12:00:00,12,30,3.35,0.1,False
2020-02-01 12:00:00,2020-02-02 00:00:00,12,30,4.0,0.1,False
2020-02-02 00:00:00,2020-02-02 12:00:00,12,30,2.74,0.2,False
2020-02-02 12:00:00,2020-02-03 00:00:00,12,30,2.45,0.2,False
2020-02-03 00:00:00,2020-02-03 12:00:00,12,30,3.01,0.3,False
2020-02-03 12:00:00,2020-02-04 00:00:00,12,30,3.75,0.3,False
2020-02-04 00:00:00,2020-02-04 12:00:00,12,30,3.26,0.4,False
2020-02-04 12:00:00,2020-02-05 00:00:00,12,30,3.7,0.4,False
2020-02-05 00:00:00,2020-02-05 12:00:00,12,30,3.26,0.5,False
2020-02-05 12:00:00,2020-02-06 00:00:00,12,30,3.84,0.6,False
2020-02-06 00:00:00,2020-02-06 12:00:00,12,30,3.42,0.6,False
2020-02-06 12:00:00,2020-02-07 00:00:00,12,30,3.51,0.7,False
2020-02-07 00:00:00,2020-02-07 12:00:00,12,30,4.83,0.8,False
2020-02-07 12:00:00,2020-02-08 00:00:00,12,30,4.91,0.8,False
2020-02-08 00:00:00,2020-02-08 12:00:00,12,30,3.56,0.9,False
2020-02-08 12:00:00,2020-02-09 00:00:00,12,30,3.51,1.0,False
2020-02-09 00:00:00,2020-02-09 12:00:00,12,30,3.07,1.0,False
2020-02-09 12:00:00,2020-02-10 00:00:00,12,30,3.79,1.1,False
2020-02-10 00:00:00,2020-02-10 12:00:00,12,30,3.15,1.1,False
2020-02-10 12:00:00,2020-02-11 00:00:00,12,30,3.09,1.2,False
2020-02-11 00:00:00,2020-02-11 12:00:00,12,30,3.05,1.2,False
2020-02-11 12:00:00,2020-02-12 00:00:00,12,30,3.04,1.3,False
2020-02-12 00:00:00,2020-02-12 12:00:00,12,30,5.0,1.4,False
2020-02-12 12:00:00,2020-02-13 00:00:00,12,30,3.08,1.4,False
2020-02-13 00:00:00,2020-02-13 12:00:00,12,30,3.09,1.5,False
2020-02-13 12:00:00,2020-02-14 00:00:00,12,30,3.41,1.5,False
2020-02-14 00:00:00,2020-02-14 12:00:00,12,30,3.38,1.6,False
2020-02-14 12:00:00,2020-02-15 00:00:00,12,30,3.07,1.6,False
2020-02-15 00:00:00,2020-02-15 12:00:00,12,30,3.78,1.7,False
2020-02-15 12:00:00,2020-02-16 00:00:00,12,30,3.13,1.7,False
2020-02-16 00:00:00,2020-02-16 12:00:00,12,30,3.12,1.8,False
2020-02-16 12:00:00,2020-02-17 00:00:00,12,30,3.09,1.8,False
2020-02-17 00:00:00,2020-02-17 12:00:00,12,30,3.06,1.9,False
2020-02-17 12:00:00,2020-02-18 00:00:00,12,30,3.65,2.0,False
2020-02-18 00:00:00,2020-02-18 12:00:00,12,30,3.29,2.0,False
2020-02-18 12:00:00,2020-02-19 00:00:00,12,30,4.62,2.1,False
2020-02-19 00:00:00,2020-02-19 12:00:00,12,30,3.9,2.1,False
2020-02-19 12:00:00,2020-02-20 00:00:00,12,30,4.05,2.2,False
2020-02-20 00:00:00,2020-02-20 12:00:00,12,30,3.07,2.3,False
2020-02-20 12:00:00,2020-02-21 00:00:00,12,30,6.93,2.4,False
2020-02-21 00:00:00,2020-02-21 12:00:00,12,30,3.41,2.4,False
2020-02-21 12:00:00,2020-02-22 00:00:00,12,30,3.43,2.5,False
2020-02-22 00:00:00,2020-02-22 12:00:00,12,30,3.48,2.6,False
2020-02-22 12:00:00,2020-02-23 00:00:00,12,30,3.64,2.6,False
2020-02-23 00:00:00,2020-02-23 12:00:00,12,30,4.39,2.7,False
2020-02-23 12:00:00,2020-02-24 00:00:00,12,30,12.21,2.9,False
2020-02-24 00:00:00,2020-02-24 12:00:00,12,30,8.23,3.0,False
2020-02-24 12:00:00,2020-02-25 00:00:00,12,30,3.68,3.1,False
2020-02-25 00:00:00,2020-02-25 12:00:00,12,30,2.88,3.1,False
2020-02-25 12:00:00,2020-02-26 00:00:00,12,30,3.89,3.2,False
2020-02-26 00:00:00,2020-02-26 12:00:00,12,30,3.37,3.3,False
2020-02-26 12:00:00,2020-02-27 00:00:00,12,30,3.29,3.3,False
2020-02-27 00:00:00,2020-02-27 12:00:00,12,30,3.61,3.4,False
2020-02-27 12:00:00,2020-02-28 00:00:00,12,30,3.83,3.4,False
2020-02-28 00:00:00,2020-02-28 12:00:00,12,30,3.32,3.5,False
2020-02-28 12:00:00,2020-02-29 00:00:00,12,30,3.09,3.5,False
2020-02-29 00:00:00,2020-02-29 12:00:00,12,30,3.07,3.6,False
2020-02-29 12:00:00,2020-03-01 00:00:00,12,30,3.68,3.7,False
2020-03-01 00:00:00,2020-03-01 12:00:00,12,30,3.13,3.7,False
2020-03-01 12:00:00,2020-03-02 00:00:00,12,30,4.28,3.8,False
2020-03-02 00:00:00,2020-03-02 12:00:00,12,30,8.04,3.9,False
2020-03-02 12:00:00,2020-03-03 00:00:00,12,30,5.36,4.0,False
2020-03-03 00:00:00,2020-03-03 12:00:00,12,30,4.51,4.1,False
2020-03-03 12:00:00,2020-03-04 00:00:00,12,30,18.16,4.4,False
2020-03-04 00:00:00,2020-03-04 12:00:00,12,30,17.8,4.7,False
2020-03-04 12:00:00,2020-03-05 00:00:00,12,30,16.26,5.0,False
2020-03-05 00:00:00,2020-03-05 12:00:00,12,30,16.74,5.2,False
2020-03-05 12:00:00,2020-03-06 00:00:00,12,30,17.61,5.5,False
2020-03-06 00:00:00,2020-03-06 12:00:00,12,30,17.08,5.8,False
2020-03-06 12:00:00,2020-03-07 00:00:00,12,30,15.41,6.1,False
2020-03-07 00:00:00,2020-03-07 12:00:00,12,30,15.93,6.3,False
2020-03-07 12:00:00,2020-03-08 00:00:00,12,30,19.2,6.7,False
2020-03-08 00:00:00,2020-03-08 12:00:00,12,30,19.37,7.0,False
2020-03-08 12:00:00,2020-03-09 00:00:00,12,30,23.99,7.4,False
2020-03-09 00:00:00,2020-03-09 12:00:00,12,30,12.66,7.6,False
2020-03-09 12:00:00,2020-03-10 00:00:00,12,30,16.89,7.9,False
2020-03-10 00:00:00,2020-03-10 12:00:00,12,30,15.55,8.1,False
2020-03-10 12:00:00,2020-03-11 00:00:00,12,30,4.14,8.2,False
2020-03-11 00:00:00,2020-03-11 12:00:00,12,30,4.03,8.3,False
2020-03-11 12:00:00,2020-03-12 00:00:00,12,30,4.87,8.3,False
2020-03-12 00:00:00,2020-03-12 12:00:00,12,30,3.99,8.4,False
2020-03-12 12:00:00,2020-03-13 00:00:00,12,30,4.51,8.5,False
2020-03-13 00:00:00,2020-03-13 12:00:00,12,30,3.37,8.5,False
2020-03-13 12:00:00,2020-03-14 00:00:00,12,30,4.04,8.6,False
2020-03-14 00:00:00,2020-03-14 12:00:00,12,30,4.41,8.7,False
2020-03-14 12:00:00,2020-03-15 00:00:00,12,30,4.24,8.8,False
2020-03-15 00:00:00,2020-03-15 12:00:00,12,30,4.04,8.8,False
2020-03-15 12:00:00,2020-03-16 00:00:00,12,30,6.82,8.9,False
2020-03-16 00:00:00,2020-03-16 12:00:00,12,30,4.73,9.0,False
2020-03-16 12:00:00,2020-03-17 00:00:00,12,30,6.82,9.1,False
2020-03-17 00:00:00,2020-03-17 12:00:00,12,30,3.72,9.2,False
2020-03-17 12:00:00,2020-03-18 00:00:00,12,30,4.33,9.3,False
2020-03-18 00:00:00,2020-03-18 12:00:00,12,30,3.43,9.3,False
2020-03-18 12:00:00,2020-03-19 00:00:00,12,30,4.99,9.4,False
2020-03-19 00:00:00,2020-03-19 12:00:00,12,30,4.09,9.5,False
2020-03-19 12:00:00,2020-03-20 00:00:00,12,30,7.49,9.6,False
2020-03-20 00:00:00,2020-03-20 12:00:00,12,30,5.1,9.7,False
2020-03-20 12:00:00,2020-03-21 00:00:00,12,30,6.18,9.8,False
2020-03-21 00:00:00,2020-03-21 12:00:00,12,30,4.32,9.9,False
2020-03-21 12:00:00,2020-03-22 00:00:00,12,30,5.42,9.9,False
2020-03-22 00:00:00,2020-03-22 12:00:00,12,30,5.12,10.0,False
2020-03-22 12:00:00,2020-03-23 00:00:00,12,30,4.36,10.1,False
2020-03-23 00:00:00,2020-03-23 12:00:00,12,30,4.96,10.2,False
2020-03-23 12:00:00,2020-03-24 00:00:00,12,30,5.7,10.3,False
2020-03-24 00:00:00,2020-03-24 12:00:00,12,30,3.99,10.3,False
2020-03-24 12:00:00,2020-03-25 00:00:00,12,30,5.71,10.4,False
2020-03-25 00:00:00,2020-03-25 12:00:00,12,30,5.31,10.5,False
2020-03-25 12:00:00,2020-03-26 00:00:00,12,30,5.79,10.6,False
2020-03-26 00:00:00,2020-03-26 12:00:00,12,30,4.72,10.7,False
2020-03-26 12:00:00,2020-03-27 00:00:00,12,30,5.05,10.8,False
2020-03-27 00:00:00,2020-03-27 12:00:00,12,30,4.13,10.9,False
2020-03-27 12:00:00,2020-03-28 00:00:00,12,30,5.0,10.9,False
2020-03-28 00:00:00,2020-03-28 12:00:00,12,30,4.22,11.0,False
2020-03-28 12:00:00,2020-03-29 00:00:00,12,30,5.07,11.1,False
2020-03-29 00:00:00,2020-03-29 12:00:00,12,30,4.65,11.2,False
2020-03-29 12:00:00,2020-03-30 00:00:00,12,30,5.94,11.3,False
2020-03-30 00:00:00,2020-03-30 12:00:00,12,30,4.05,11.3,False
2020-03-30 12:00:00,2020-03-31 00:00:00,12,30,6.57,11.4,False
2020-03-31 00:00:00,2020-03-31 12:00:00,12,30,5.03,11.5,False
2020-03-31 12:00:00,2020-04-01 00:00:00,12,30,6.17,11.6,False
2020-04-01 00:00:00,2020-04-01 12:00:00,12,30,4.39,11.7,False
2020-04-01 12:00:00,2020-04-02 00:00:00,12,30,6.04,11.8,False
2020-04-02 00:00:00,2020-04-02 12:00:00,12,30,3.93,11.9,False
2020-04-02 12:00:00,2020-04-03 00:00:00,12,30,4.81,12.0,False
2020-04-03 00:00:00,2020-04-03 12:00:00,12,30,3.81,12.0,False
2020-04-03 12:00:00,2020-04-04 00:00:00,12,30,4.66,12.1,False
2020-04-04 00:00:00,2020-04-04 12:00:00,12,30,4.03,12.2,False
2020-04-04 12:00:00,2020-04-05 00:00:00,12,30,5.59,12.3,False
2020-04-05 00:00:00,2020-04-05 12:00:00,12,30,4.6,12.3,False
2020-04-05 12:00:00,2020-04-06 00:00:00,12,30,5.44,12.4,False
2020-04-06 00:00:00,2020-04-06 12:00:00,12,30,3.98,12.5,False
2020-04-06 12:00:00,2020-04-07 00:00:00,12,30,6.74,12.6,False
2020-04-07 00:00:00,2020-04-07 12:00:00,12,30,5.96,12.7,False
2020-04-07 12:00:00,2020-04-08 00:00:00,12,30,6.08,12.8,False
2020-04-08 00:00:00,2020-04-08 12:00:00,12,30,5.98,12.9,False
2020-04-08 12:00:00,2020-04-09 00:00:00,12,30,5.2,13.0,False
2020-04-09 00:00:00,2020-04-09 12:00:00,12,30,5.51,13.1,False
2020-04-09 12:00:00,2020-04-10 00:00:00,12,30,12.5,13.3,False
2020-04-10 00:00:00,2020-04-10 12:00:00,12,30,4.03,13.4,False
2020-04-10 12:00:00,2020-04-11 00:00:00,12,30,5.48,13.4,False
2020-04-11 00:00:00,2020-04-11 12:00:00,12,30,7.19,13.6,False
2020-04-11 12:00:00,2020-04-12 00:00:00,12,30,5.19,13.7,False
2020-04-12 00:00:00,2020-04-12 12:00:00,12,30,4.43,13.7,False
2020-04-12 12:00:00,2020-04-13 00:00:00,12,30,4.62,13.8,False
2020-04-13 00:00:00,2020-04-13 12:00:00,12,30,3.82,13.9,False
2020-04-13 12:00:00,2020-04-14 00:00:00,12,30,5.1,14.0,False
2020-04-14 00:00:00,2020-04-14 12:00:00,12,30,4.1,14.0,False
2020-04-14 12:00:00,2020-04-15 00:00:00,12,30,5.04,14.1,False
2020-04-15 00:00:00,2020-04-15 12:00:00,12,30,3.78,14.2,False
2020-04-15 12:00:00,2020-04-16 00:00:00,12,30,4.73,14.2,False
2020-04-16 00:00:00,2020-04-16 12:00:00,12,30,5.03,14.3,False
2020-04-16 12:00:00,2020-04-17 00:00:00,12,30,5.64,14.4,False
2020-04-17 00:00:00,2020-04-17 12:00:00,12,30,4.62,14.5,False
2020-04-17 12:00:00,2020-04-18 00:00:00,12,30,5.72,14.6,False
2020-04-18 00:00:00,2020-04-18 12:00:00,12,30,5.19,14.7,False
2020-04-18 12:00:00,2020-04-19 00:00:00,12,30,4.97,14.8,False
2020-04-19 00:00:00,2020-04-19 12:00:00,12,30,4.28,14.8,False
2020-04-19 12:00:00,2020-04-20 00:00:00,12,30,4.74,14.9,False
2020-04-20 00:00:00,2020-04-20 12:00:00,12,30,4.37,15.0,False
2020-04-20 12:00:00,2020-04-21 00:00:00,12,30,6.01,15.1,False
2020-04-21 00:00:00,2020-04-21 12:00:00,12,30,4.64,15.2,False
2020-04-21 12:00:00,2020-04-22 00:00:00,12,30,6.12,15.3,False
2020-04-22 00:00:00,2020-04-22 12:00:00,12,30,4.0,15.3,False
2020-04-22 12:00:00,2020-04-23 00:00:00,12,30,6.08,15.4,False
2020-04-23 00:00:00,2020-04-23 12:00:00,12,30,5.64,15.5,False
2020-04-23 12:00:00,2020-04-24 00:00:00,12,30,7.22,15.7,False
2020-04-24 00:00:00,2020-04-24 12:00:00,12,30,4.67,15.7,False
2020-04-24 12:00:00,2020-04-25 00:00:00,12,30,5.12,15.8,False
2020-04-25 00:00:00,2020-04-25 12:00:00,12,30,4.08,15.9,False
2020-04-25 12:00:00,2020-04-26 00:00:00,12,30,5.97,16.0,False
2020-04-26 00:00:00,2020-04-26 12:00:00,12,30,5.32,16.1,False
2020-04-26 12:00:00,2020-04-27 00:00:00,12,30,4.85,16.2,False
2020-04-27 00:00:00,2020-04-27 12:00:00,12,30,4.1,16.2,False
2020-04-27 12:00:00,2020-04-28 00:00:00,12,30,6.22,16.3,False
2020-04-28 00:00:00,2020-04-28 12:00:00,12,30,3.97,16.4,False
2020-04-28 12:00:00,2020-04-29 00:00:00,12,30,5.6,16.5,False
2020-04-29 00:00:00,2020-04-29 12:00:00,12,30,3.69,16.5,False
2020-04-29 12:00:00,2020-04-30 00:00:00,12,30,4.72,16.6,False
2020-04-30 00:00:00,2020-04-30 12:00:00,12,30,4.16,16.7,False
2020-04-30 12:00:00,2020-05-01 00:00:00,12,30,6.57,16.8,False
2020-05-01 00:00:00,2020-05-01 12:00:00,12,30,4.78,16.9,False
2020-05-01 12:00:00,2020-05-02 00:00:00,12,30,4.9,17.0,False
2020-05-02 00:00:00,2020-05-02 12:00:00,12,30,3.69,17.0,False
2020-05-02 12:00:00,2020-05-03 00:00:00,12,30,4.06,17.1,False
2020-05-03 00:00:00,2020-05-03 12:00:00,12,30,4.62,17.2,False
2020-05-03 12:00:00,2020-05-04 00:00:00,12,30,5.06,17.3,False
2020-05-04 00:00:00,2020-05-04 12:00:00,12,30,4.03,17.3,False
2020-05-04 12:00:00,2020-05-05 00:00:00,12,30,3.95,17.4,False
2020-05-05 00:00:00,2020-05-05 12:00:00,12,30,4.29,17.5,False
2020-05-05 12:00:00,2020-05-06 00:00:00,12,30,5.32,17.5,False
2020-05-06 00:00:00,2020-05-06 12:00:00,12,30,4.68,17.6,False
2020-05-06 12:00:00,2020-05-07 00:00:00,12,30,5.01,17.7,False
2020-05-07 00:00:00,2020-05-07 12:00:00,12,30,5.34,17.8,False
2020-05-07 12:00:00,2020-05-08 00:00:00,12,30,5.34,17.9,False
2020-05-08 00:00:00,2020-05-08 12:00:00,12,30,3.33,17.9,False
2020-05-08 12:00:00,2020-05-09 00:00:00,12,30,4.63,18.0,False
2020-05-09 00:00:00,2020-05-09 12:00:00,12,30,3.98,18.1,False
2020-05-09 12:00:00,2020-05-10 00:00:00,12,30,5.46,18.2,False
2020-05-10 00:00:00,2020-05-10 12:00:00,12,30,3.67,18.2,False
2020-05-10 12:00:00,2020-05-11 00:00:00,12,30,5.12,18.3,False
2020-05-11 00:00:00,2020-05-11 12:00:00,12,30,3.62,18.4,False
2020-05-11 12:00:00,2020-05-12 00:00:00,12,30,4.68,18.5,False
2020-05-12 00:00:00,2020-05-12 12:00:00,12,30,4.71,18.5,False
2020-05-12 12:00:00,2020-05-13 00:00:00,12,30,4.98,18.6,False
2020-05-13 00:00:00,2020-05-13 12:00:00,12,30,3.61,18.7,False
2020-05-13 12:00:00,2020-05-14 00:00:00,12,30,4.21,18.8,False
2020-05-14 00:00:00,2020-05-14 12:00:00,12,30,4.03,18.8,False
2020-05-14 12:00:00,2020-05-15 00:00:00,12,30,3.7,18.9,False
2020-05-15 00:00:00,2020-05-15 12:00:00,12,30,4.41,19.0,False
2020-05-15 12:00:00,2020-05-16 00:00:00,12,30,4.96,19.0,False
2020-05-16 00:00:00,2020-05-16 12:00:00,12,30,4.06,19.1,False
2020-05-16 12:00:00,2020-05-17 00:00:00,12,30,4.33,19.2,False
2020-05-17 00:00:00,2020-05-17 12:00:00,12,30,3.46,19.2,False
2020-05-17 12:00:00,2020-05-18 00:00:00,12,30,3.78,19.3,False
2020-05-18 00:00:00,2020-05-18 12:00:00,12,30,3.73,19.4,False
2020-05-18 12:00:00,2020-05-19 00:00:00,12,30,4.48,19.4,False
2020-05-19 00:00:00,2020-05-19 12:00:00,12,30,4.52,19.5,False
2020-05-19 12:00:00,2020-05-20 00:00:00,12,30,5.19,19.6,False
2020-05-20 00:00:00,2020-05-20 12:00:00,12,30,4.76,19.7,False
2020-05-20 12:00:00,2020-05-21 00:00:00,12,30,6.04,19.8,False
2020-05-21 00:00:00,2020-05-21 12:00:00,12,30,4.41,19.9,False
2020-05-21 12:00:00,2020-05-22 00:00:00,12,30,5.71,19.9,False
2020-05-22 00:00:00,2020-05-22 12:00:00,12,30,5.38,20.0,False
2020-05-22 12:00:00,2020-05-23 00:00:00,12,30,7.48,20.2,False
2020-05-23 00:00:00,2020-05-23 12:00:00,12,30,5.32,20.3,False
2020-05-23 12:00:00,2020-05-24 00:00:00,12,30,6.4,20.4,False
2020-05-24 00:00:00,2020-05-24 12:00:00,12,30,4.93,20.4,False
2020-05-24 12:00:00,2020-05-25 00:00:00,12,30,5.94,20.5,False
2020-05-25 00:00:00,2020-05-25 12:00:00,12,30,4.71,20.6,False
2020-05-25 12:00:00,2020-05-26 00:00:00,12,30,5.66,20.7,False
2020-05-26 00:00:00,2020-05-26 12:00:00,12,30,4.33,20.8,False
2020-05-26 12:00:00,2020-05-27 00:00:00,12,30,5.49,20.9,False
2020-05-27 00:00:00,2020-05-27 12:00:00,12,30,4.34,20.9,False
2020-05-27 12:00:00,2020-05-28 00:00:00,12,30,6.04,21.0,False
2020-05-28 00:00:00,2020-05-28 12:00:00,12,30,4.29,21.1,False
2020-05-28 12:00:00,2020-05-29 00:00:00,12,30,4.31,21.2,False
2020-05-29 00:00:00,2020-05-29 12:00:00,12,30,4.18,21.3,False
2020-05-29 12:00:00,2020-05-30 00:00:00,12,30,4.8,21.3,False
2020-05-30 00:00:00,2020-05-30 12:00:00,12,30,3.76,21.4,False
2020-05-30 12:00:00,2020-05-31 00:00:00,12,30,4.35,21.5,False
2020-05-31 00:00:00,2020-05-31 12:00:00,12,30,3.91,21.5,False
2020-05-31 12:00:00,2020-06-01 00:00:00,12,30,6.51,21.7,False
2020-06-01 00:00:00,2020-06-01 12:00:00,12,30,3.87,21.7,False
2020-06-01 12:00:00,2020-06-02 00:00:00,12,30,4.66,21.8,False
2020-06-02 00:00:00,2020-06-02 12:00:00,12,30,4.46,21.9,False
2020-06-02 12:00:00,2020-06-03 00:00:00,12,30,6.46,22.0,False
2020-06-03 00:00:00,2020-06-03 12:00:00,12,30,4.99,22.1,False
2020-06-03 12:00:00,2020-06-04 00:00:00,12,30,6.6,22.2,False
2020-06-04 00:00:00,2020-06-04 12:00:00,12,30,5.03,22.3,False
2020-06-04 12:00:00,2020-06-05 00:00:00,12,30,6.52,22.4,False
2020-06-05 00:00:00,2020-06-05 12:00:00,12,30,5.63,22.5,False
2020-06-05 12:00:00,2020-06-06 00:00:00,12,30,8.76,22.6,False
2020-06-06 00:00:00,2020-06-06 12:00:00,12,30,4.53,22.7,False
2020-06-06 12:00:00,2020-06-07 00:00:00,12,30,5.85,22.8,False
2020-06-07 00:00:00,2020-06-07 12:00:00,12,30,4.05,22.8,False
2020-06-07 12:00:00,2020-06-08 00:00:00,12,30,5.02,22.9,False
2020-06-08 00:00:00,2020-06-08 12:00:00,12,30,4.37,23.0,False
2020-06-08 12:00:00,2020-06-09 00:00:00,12,30,4.94,23.1,False
2020-06-09 00:00:00,2020-06-09 12:00:00,12,30,4.41,23.2,False
2020-06-09 12:00:00,2020-06-10 00:00:00,12,30,6.11,23.3,False
2020-06-10 00:00:00,2020-06-10 12:00:00,12,30,5.77,23.4,False
2020-06-10 12:00:00,2020-06-11 00:00:00,12,30,8.48,23.5,False
2020-06-11 00:00:00,2020-06-11 12:00:00,12,30,5.35,23.6,False
2020-06-11 12:00:00,2020-06-12 00:00:00,12,30,6.24,23.7,False
2020-06-12 00:00:00,2020-06-12 12:00:00,12,30,4.34,23.8,False
2020-06-12 12:00:00,2020-06-13 00:00:00,12,30,4.63,23.8,False
2020-06-13 00:00:00,2020-06-13 12:00:00,12,30,4.07,23.9,False
2020-06-13 12:00:00,2020-06-14 00:00:00,12,30,6.0,24.0,False
2020-06-14 00:00:00,2020-06-14 12:00:00,12,30,4.64,24.1,False
2020-06-14 12:00:00,2020-06-15 00:00:00,12,30,4.98,24.2,False
2020-06-15 00:00:00,2020-06-15 12:00:00,12,30,4.31,24.2,False
2020-06-15 12:00:00,2020-06-16 00:00:00,12,30,5.73,24.3,False
2020-06-16 00:00:00,2020-06-16 12:00:00,12,30,3.73,24.4,False
2020-06-16 12:00:00,2020-06-17 00:00:00,12,30,4.29,24.5,False
2020-06-17 00:00:00,2020-06-17 12:00:00,12,30,4.52,24.5,False
2020-06-17 12:00:00,2020-06-18 00:00:00,12,30,5.83,24.6,False
2020-06-18 00:00:00,2020-06-18 12:00:00,12,30,4.46,24.7,False
2020-06-18 12:00:00,2020-06-19 00:00:00,12,30,4.73,24.8,False
2020-06-19 00:00:00,2020-06-19 12:00:00,12,30,4.25,24.9,False
2020-06-19 12:00:00,2020-06-20 00:00:00,12,30,5.89,25.0,False
2020-06-20 00:00:00,2020-06-20 12:00:00,12,30,4.66,25.0,False
2020-06-20 12:00:00,2020-06-21 00:00:00,12,30,8.0,25.2,False
2020-06-21 00:00:00,2020-06-21 12:00:00,12,30,4.72,25.2,False
2020-06-21 12:00:00,2020-06-22 00:00:00,12,30,5.14,25.3,False
2020-06-22 00:00:00,2020-06-22 12:00:00,12,30,4.37,25.4,False
2020-06-22 12:00:00,2020-06-23 00:00:00,12,30,5.24,25.5,False
2020-06-23 00:00:00,2020-06-23 12:00:00,12,30,4.03,25.6,False
2020-06-23 12:00:00,2020-06-24 00:00:00,12,30,6.43,25.7,False
2020-06-24 00:00:00,2020-06-24 12:00:00,12,30,3.96,25.7,False
2020-06-24 12:00:00,2020-06-25 00:00:00,12,30,5.3,25.8,False
2020-06-25 00:00:00,2020-06-25 12:00:00,12,30,4.0,25.9,False
2020-06-25 12:00:00,2020-06-26 00:00:00,12,30,6.62,26.0,False
2020-06-26 00:00:00,2020-06-26 12:00:00,12,30,4.96,26.1,False
2020-06-26 12:00:00,2020-06-27 00:00:00,12,30,6.06,26.2,False
2020-06-27 00:00:00,2020-06-27 12:00:00,12,30,6.04,26.3,False
2020-06-27 12:00:00,2020-06-28 00:00:00,12,30,5.33,26.4,False
2020-06-28 00:00:00,2020-06-28 12:00:00,12,30,3.76,26.4,False
2020-06-28 12:00:00,2020-06-29 00:00:00,12,30,4.9,26.5,False
2020-06-29 00:00:00,2020-06-29 12:00:00,12,30,3.31,26.6,False
2020-06-29 12:00:00,2020-06-30 00:00:00,12,30,5.38,26.7,False
2020-06-30 00:00:00,2020-06-30 12:00:00,12,30,4.75,26.7,False
2020-06-30 12:00:00,2020-07-01 00:00:00,12,30,4.66,26.8,False
2020-07-01 00:00:00,2020-07-01 12:00:00,12,30,4.04,26.9,False
2020-07-01 12:00:00,2020-07-02 00:00:00,12,30,5.67,27.0,False
2020-07-02 00:00:00,2020-07-02 12:00:00,12,30,4.38,27.1,False
2020-07-02 12:00:00,2020-07-03 00:00:00,12,30,6.38,27.2,False
2020-07-03 00:00:00,2020-07-03 12:00:00,12,30,4.36,27.2,False
2020-07-03 12:00:00,2020-07-04 00:00:00,12,30,5.64,27.3,False
2020-07-04 00:00:00,2020-07-04 12:00:00,12,30,4.75,27.4,False
2020-07-04 12:00:00,2020-07-05 00:00:00,12,30,5.04,27.5,False
2020-07-05 00:00:00,2020-07-05 12:00:00,12,30,4.52,27.6,False
2020-07-05 12:00:00,2020-07-06 00:00:00,12,30,5.08,27.6,False
2020-07-06 00:00:00,2020-07-06 12:00:00,12,30,4.06,27.7,False
2020-07-06 12:00:00,2020-07-07 00:00:00,12,30,4.77,27.8,False
2020-07-07 00:00:00,2020-07-07 12:00:00,12,30,4.26,27.9,False
2020-07-07 12:00:00,2020-07-08 00:00:00,12,30,5.31,28.0,False
2020-07-08 00:00:00,2020-07-08 12:00:00,12,30,5.66,28.1,False
2020-07-08 12:00:00,2020-07-09 00:00:00,12,30,7.17,28.2,False
2020-07-09 00:00:00,2020-07-09 12:00:00,12,30,4.72,28.2,False
2020-07-09 12:00:00,2020-07-10 00:00:00,12,30,5.26,28.3,False
2020-07-10 00:00:00,2020-07-10 12:00:00,12,30,4.41,28.4,False
2020-07-10 12:00:00,2020-07-11 00:00:00,12,30,5.06,28.5,False
2020-07-11 00:00:00,2020-07-11 12:00:00,12,30,4.42,28.6,False
2020-07-11 12:00:00,2020-07-12 00:00:00,12,30,4.68,28.6,False
2020-07-12 00:00:00,2020-07-12 12:00:00,12,30,4.49,28.7,False
2020-07-12 12:00:00,2020-07-13 00:00:00,12,30,5.01,28.8,False
2020-07-13 00:00:00,2020-07-13 12:00:00,12,30,4.2,28.9,False
2020-07-13 12:00:00,2020-07-14 00:00:00,12,30,4.52,29.0,False
2020-07-14 00:00:00,2020-07-14 12:00:00,12,30,5.57,29.0,False
2020-07-14 12:00:00,2020-07-15 00:00:00,12,30,6.06,29.1,False
2020-07-15 00:00:00,2020-07-15 12:00:00,12,30,4.75,29.2,False
2020-07-15 12:00:00,2020-07-16 00:00:00,12,30,5.65,29.3,False
2020-07-16 00:00:00,2020-07-16 12:00:00,12,30,4.19,29.4,False
2020-07-16 12:00:00,2020-07-17 00:00:00,12,30,4.69,29.5,False
2020-07-17 00:00:00,2020-07-17 12:00:00,12,30,6.51,29.6,False
2020-07-17 12:00:00,2020-07-18 00:00:00,12,30,5.8,29.7,False
2020-07-18 00:00:00,2020-07-18 12:00:00,12,30,4.83,29.8,False
2020-07-18 12:00:00,2020-07-19 00:00:00,12,30,5.14,29.8,False
2020-07-19 00:00:00,2020-07-19 12:00:00,12,30,4.91,29.9,False
2020-07-19 12:00:00,2020-07-20 00:00:00,12,30,5.38,30.0,False
2020-07-20 00:00:00,2020-07-20 12:00:00,12,30,3.87,30.1,False
2020-07-20 12:00:00,2020-07-21 00:00:00,12,30,3.87,30.1,False
2020-07-21 00:00:00,2020-07-21 12:00:00,12,30,3.68,30.2,False
2020-07-21 12:00:00,2020-07-22 00:00:00,12,30,4.55,30.3,False
2020-07-22 00:00:00,2020-07-22 12:00:00,12,30,5.28,30.4,False
2020-07-22 12:00:00,2020-07-23 00:00:00,12,30,4.76,30.4,False
2020-07-23 00:00:00,2020-07-23 12:00:00,12,30,5.02,30.5,False
2020-07-23 12:00:00,2020-07-24 00:00:00,12,30,4.37,30.6,False
2020-07-24 00:00:00,2020-07-24 12:00:00,12,30,4.41,30.7,False
2020-07-24 12:00:00,2020-07-25 00:00:00,12,30,4.14,30.7,False
2020-07-25 00:00:00,2020-07-25 12:00:00,12,30,4.31,30.8,False
2020-07-25 12:00:00,2020-07-26 00:00:00,12,30,4.7,30.9,False
2020-07-26 00:00:00,2020-07-26 12:00:00,12,30,4.05,31.0,False
2020-07-26 12:00:00,2020-07-27 00:00:00,12,30,5.01,31.0,False
2020-07-27 00:00:00,2020-07-27 12:00:00,12,30,4.33,31.1,False
2020-07-27 12:00:00,2020-07-28 00:00:00,12,30,4.66,31.2,False
2020-07-28 00:00:00,2020-07-28 12:00:00,12,30,4.01,31.3,False
2020-07-28 12:00:00,2020-07-29 00:00:00,12,30,5.47,31.4,False
2020-07-29 00:00:00,2020-07-29 12:00:00,12,30,5.36,31.4,False
2020-07-29 12:00:00,2020-07-30 00:00:00,12,30,10.56,31.6,False
2020-07-30 00:00:00,2020-07-30 12:00:00,12,30,20.48,32.0,False
2020-07-30 12:00:00,2020-07-30 13:00:00,1,30,3.47,33.1,False
2020-07-30 13:00:00,2020-07-30 15:00:00,2,30,5.54,33.2,False
2020-07-30 15:00:00,2020-07-30 18:00:00,3,30,5.93,33.3,False
2020-07-30 18:00:00,2020-07-30 22:00:00,4,30,11.28,33.5,False
2020-07-30 22:00:00,2020-07-31 03:00:00,5,30,37.11,34.1,False
2020-07-31 03:00:00,2020-07-31 07:00:00,4,30,7.35,34.3,False
2020-07-31 07:00:00,2020-07-31 12:00:00,5,30,4.21,34.3,False
2020-07-31 12:00:00,2020-07-31 18:00:00,6,30,12.84,34.5,False
2020-07-31 18:00:00,2020-08-01 01:00:00,7,30,9.81,34.7,False
2020-08-01 01:00:00,2020-08-01 09:00:00,8,30,6.06,34.8,False
2020-08-01 09:00:00,2020-08-01 18:00:00,9,30,25.45,35.2,False
2020-08-01 18:00:00,2020-08-01 19:00:00,1,30,8.03,36.5,False
2020-08-01 19:00:00,2020-08-01 21:00:00,2,30,6.0,36.6,False
2020-08-01 21:00:00,2020-08-02 00:00:00,3,30,3.66,36.6,False
2020-08-02 00:00:00,2020-08-02 04:00:00,4,30,24.52,37.0,False
2020-08-02 04:00:00,2020-08-02 09:00:00,5,30,8.27,37.2,False
2020-08-02 09:00:00,2020-08-02 15:00:00,6,30,5.7,37.3,False
2020-08-02 15:00:00,2020-08-02 16:00:00,1,30,7.0,38.1,False
2020-08-02 16:00:00,2020-08-02 18:00:00,2,30,10.57,38.3,False
2020-08-02 18:00:00,2020-08-02 21:00:00,3,30,9.26,38.4,False
2020-08-02 21:00:00,2020-08-03 01:00:00,4,30,20.44,38.8,False
2020-08-03 01:00:00,2020-08-03 06:00:00,5,30,15.79,39.1,False
2020-08-03 06:00:00,2020-08-03 12:00:00,6,30,4.78,39.1,False
2020-08-03 12:00:00,2020-08-03 13:00:00,1,30,5.5,39.7,False
2020-08-03 13:00:00,2020-08-03 15:00:00,2,30,6.21,39.9,False
2020-08-03 15:00:00,2020-08-03 18:00:00,3,30,11.42,40.0,False
2020-08-03 18:00:00,2020-08-03 22:00:00,4,30,15.42,40.3,False
2020-08-03 22:00:00,2020-08-04 03:00:00,5,30,35.3,40.9,False
2020-08-04 03:00:00,2020-08-04 07:00:00,4,30,9.21,41.0,False
2020-08-04 07:00:00,2020-08-04 12:00:00,5,30,4.4,41.1,False
2020-08-04 12:00:00,2020-08-04 18:00:00,6,30,10.86,41.3,False
2020-08-04 18:00:00,2020-08-05 01:00:00,7,30,32.91,41.8,False
2020-08-05 01:00:00,2020-08-05 02:00:00,1,30,7.75,42.7,False
2020-08-05 02:00:00,2020-08-05 04:00:00,2,30,12.51,42.9,False
2020-08-05 04:00:00,2020-08-05 07:00:00,3,30,5.23,43.0,False
2020-08-05 07:00:00,2020-08-05 11:00:00,4,30,3.53,43.1,False
2020-08-05 11:00:00,2020-08-05 16:00:00,5,30,9.19,43.2,False
2020-08-05 16:00:00,2020-08-05 17:00:00,1,30,5.44,44.1,False
2020-08-05 17:00:00,2020-08-05 19:00:00,2,30,7.85,44.2,False
2020-08-05 19:00:00,2020-08-05 22:00:00,3,30,11.89,44.4,False
2020-08-05 22:00:00,2020-08-06 02:00:00,4,30,25.55,44.8,False
2020-08-06 02:00:00,2020-08-06 07:00:00,5,30,14.19,45.0,False
2020-08-06 07:00:00,2020-08-06 13:00:00,6,30,3.26,45.1,False
2020-08-06 13:00:00,2020-08-06 20:00:00,7,30,5.75,45.2,False
2020-08-06 20:00:00,2020-08-06 21:00:00,1,30,6.59,46.2,False
2020-08-06 21:00:00,2020-08-06 23:00:00,2,30,10.09,46.4,False
2020-08-06 23:00:00,2020-08-07 02:00:00,3,30,8.91,46.5,False
2020-08-07 02:00:00,2020-08-07 06:00:00,4,30,8.06,46.7,False
2020-08-07 06:00:00,2020-08-07 11:00:00,5,30,3.57,46.7,False
2020-08-07 11:00:00,2020-08-07 17:00:00,6,30,7.94,46.8,False
2020-08-07 17:00:00,2020-08-07 18:00:00,1,30,5.11,47.7,False
2020-08-07 18:00:00,2020-08-07 20:00:00,2,30,7.69,47.8,False
2020-08-07 20:00:00,2020-08-07 23:00:00,3,30,7.61,47.9,False
2020-08-07 23:00:00,2020-08-08 03:00:00,4,30,26.68,48.4,False
2020-08-08 03:00:00,2020-08-08 08:00:00,5,30,8.2,48.5,False
2020-08-08 08:00:00,2020-08-08 14:00:00,6,30,4.0,48.6,False
2020-08-08 14:00:00,2020-08-08 21:00:00,7,30,6.64,48.7,False
2020-08-08 21:00:00,2020-08-08 22:00:00,1,30,6.41,50.3,False
2020-08-08 22:00:00,2020-08-09 00:00:00,2,30,7.96,50.5,False
2020-08-09 00:00:00,2020-08-09 03:00:00,3,30,13.24,50.7,False
2020-08-09 03:00:00,2020-08-09 07:00:00,4,30,7.27,50.8,False
2020-08-09 07:00:00,2020-08-09 12:00:00,5,30,4.16,50.9,False
2020-08-09 12:00:00,2020-08-09 18:00:00,6,30,14.38,51.1,False
2020-08-09 18:00:00,2020-08-10 01:00:00,7,30,22.35,51.5,False
2020-08-10 01:00:00,2020-08-10 09:00:00,8,30,4.2,51.6,False
2020-08-10 09:00:00,2020-08-10 18:00:00,9,30,8.62,51.7,False
2020-08-10 18:00:00,2020-08-11 04:00:00,10,30,8.49,51.8,False
2020-08-11 04:00:00,2020-08-11 15:00:00,11,30,3.15,51.9,False
2020-08-11 15:00:00,2020-08-12 03:00:00,12,30,4.14,52.0,False
2020-08-12 03:00:00,2020-08-12 15:00:00,12,30,2.92,52.0,False
2020-08-12 15:00:00,2020-08-13 00:00:00,12,30,2.87,52.1,False
2020-08-13 00:00:00,2020-08-13 12:00:00,12,30,2.85,0.0,False
2020-08-13 12:00:00,2020-08-14 00:00:00,12,30,2.82,0.1,False
2020-08-14 00:00:00,2020-08-14 12:00:00,12,30,2.89,0.1,False
2020-08-14 12:00:00,2020-08-15 00:00:00,12,30,2.65,0.2,False
2020-08-14 23:00:00,2020-08-15 11:00:00,12,30,21.75,0.4,False
2020-08-15 11:00:00,2020-08-15 23:00:00,12,30,8.04,0.5,False
2020-08-15 23:00:00,2020-08-16 11:00:00,12,30,2.82,0.5,False
2020-08-16 11:00:00,2020-08-16 23:00:00,12,30,2.74,0.6,False
2020-08-16 23:00:00,2020-08-17 11:00:00,12,30,2.93,0.6,False
2020-08-17 11:00:00,2020-08-17 23:00:00,12,30,19.46,1.0,False
2020-08-17 23:00:00,2020-08-18 11:00:00,12,30,2.64,1.0,False
2020-08-18 11:00:00,2020-08-18 23:00:00,12,30,2.95,1.1,False
2020-08-18 23:00:00,2020-08-19 00:00:00,12,30,2.21,1.1,False
2020-08-19 00:00:00,2020-08-19 12:00:00,12,30,2.14,0.0,False
2020-08-19 12:00:00,2020-08-20 00:00:00,12,30,2.1,0.1,False
2020-08-20 00:00:00,2020-08-20 12:00:00,12,30,2.48,0.1,False
2020-08-20 12:00:00,2020-08-21 00:00:00,12,30,2.46,0.2,False
2020-08-21 00:00:00,2020-08-21 12:00:00,12,30,1.9,0.2,False
2020-08-21 12:00:00,2020-08-22 00:00:00,12,30,2.53,0.2,False
2020-08-22 00:00:00,2020-08-22 12:00:00,12,30,2.18,0.0,False
2020-08-22 12:00:00,2020-08-23 00:00:00,12,30,3.0,0.1,False
2020-08-23 00:00:00,2020-08-23 12:00:00,12,30,2.4,0.1,False
2020-08-23 12:00:00,2020-08-24 00:00:00,12,30,2.78,0.2,False
2020-08-24 00:00:00,2020-08-24 12:00:00,12,30,2.47,0.0,False
2020-08-24 12:00:00,2020-08-25 00:00:00,12,30,2.39,0.1,False
2020-08-25 00:00:00,2020-08-25 12:00:00,12,30,2.21,0.1,False
2020-08-25 12:00:00,2020-08-26 00:00:00,12,30,2.58,0.2,False
2020-08-26 00:00:00,2020-08-26 12:00:00,12,30,2.4,0.0,False
2020-08-26 12:00:00,2020-08-27 00:00:00,12,30,2.36,0.1,False
2020-08-27 00:00:00,2020-08-27 12:00:00,12,30,2.4,0.1,False
2020-08-27 12:00:00,2020-08-28 00:00:00,12,30,2.63,0.2,False
2020-08-27 23:00:00,2020-08-28 11:00:00,12,30,3.34,0.1,False
2020-08-28 11:00:00,2020-08-28 23:00:00,12,30,4.03,0.1,False
2020-08-28 23:00:00,2020-08-29 11:00:00,12,30,2.45,0.2,False
2020-08-29 11:00:00,2020-08-29 23:00:00,12,30,2.94,0.2,False
2020-08-29 23:00:00,2020-08-30 11:00:00,12,30,2.73,0.3,False
2020-08-30 11:00:00,2020-08-30 23:00:00,12,30,2.64,0.3,False
2020-08-30 23:00:00,2020-08-31 11:00:00,12,30,2.74,0.3,False
2020-08-31 11:00:00,2020-08-31 23:00:00,12,30,2.98,0.4,False
2020-08-31 23:00:00,2020-09-01 00:00:00,12,30,2.07,0.4,False
2020-08-31 23:00:00,2020-09-01 11:00:00,12,30,2.5,0.0,False
2020-09-01 11:00:00,2020-09-01 23:00:00,12,30,2.94,0.1,False
2020-09-01 23:00:00,2020-09-02 11:00:00,12,30,2.46,0.1,False
2020-09-02 11:00:00,2020-09-02 23:00:00,12,30,2.42,0.2,False
2020-09-02 23:00:00,2020-09-03 11:00:00,12,30,2.56,0.2,False
2020-09-03 11:00:00,2020-09-03 23:00:00,12,30,2.03,0.2,False
2020-09-03 23:00:00,2020-09-04 00:00:00,12,30,2.49,0.3,False
2020-09-04 00:00:00,2020-09-04 12:00:00,12,30,3.11,0.1,False
2020-09-04 12:00:00,2020-09-05 00:00:00,12,30,3.12,0.1,False
2020-09-05 00:00:00,2020-09-05 12:00:00,12,30,2.82,0.2,False
2020-09-05 12:00:00,2020-09-06 00:00:00,12,30,2.95,0.2,False
2020-09-06 00:00:00,2020-09-06 12:00:00,12,30,3.13,0.3,False
2020-09-06 12:00:00,2020-09-07 00:00:00,12,30,3.1,0.3,False
